y,p,r
0.7715,0.9958,0.1603
0.4820,0.8111,-0.7531
0.7199,-1.2811,0.1950
0.7410,-1.2741,0.2069
0.0324,-0.4741,-1.0856
0.2219,-0.1236,1.3593
0.2016,-0.1476,1.3464
0.7523,-1.4294,0.1355
0.4090,-0.1139,-1.3138
0.3899,-0.1113,-1.3154
0.0617,-0.2644,1.3001
0.0176,0.3438,-1.2266
0.1587,-0.9519,-0.5943
0.8486,-1.5245,0.0393
0.8455,-1.5267,0.0406
1.9236,-1.5277,0.0419
1.5310,-1.5279,0.0420
1.5274,-1.5281,0.0422
1.5276,-1.5281,0.0425
1.5279,-1.5282,0.0425
1.5280,-1.5280,0.0428
1.5282,-1.5278,0.0429
1.5285,-1.5275,0.0430
1.5285,-1.5270,0.0433
1.5288,-1.5265,0.0434
1.5289,-1.5257,0.0436
1.5292,-1.5250,0.0438
1.5292,-1.5241,0.0440
1.5295,-1.5232,0.0441
1.5297,-1.5221,0.0443
1.5298,-1.5208,0.0446
1.5300,-1.5196,0.0447
1.5303,-1.5183,0.0449
1.5304,-1.5169,0.0451
1.5307,-1.5154,0.0452
1.5308,-1.5137,0.0455
1.5310,-1.5121,0.0456
1.5312,-1.5104,0.0459
1.5315,-1.5086,0.0460
1.5317,-1.5084,0.0458
1.5339,-1.5129,0.0431
1.5347,-1.5119,0.0429
1.5321,-1.5102,0.0457
1.5325,-1.5096,0.0455
1.5311,-1.5062,0.0476
1.5309,-1.5045,0.0483
1.5312,-1.5026,0.0487
1.5318,-1.5011,0.0486
1.5323,-1.4996,0.0487
1.5331,-1.4981,0.0486
1.5332,-1.4964,0.0490
1.5332,-1.4942,0.0497
1.5334,-1.4923,0.0503
1.5335,-1.4904,0.0508
1.5338,-1.4884,0.0513
1.5340,-1.4870,0.0519
1.5327,-1.4865,0.0534
1.5310,-1.4868,0.0546
1.5306,-1.4876,0.0546
1.5302,-1.4874,0.0545
1.5304,-1.4863,0.0541
1.5319,-1.4858,0.0524
1.5339,-1.4859,0.0500
1.5356,-1.4862,0.0478
1.5370,-1.4869,0.0458
1.5381,-1.4878,0.0439
1.5391,-1.4888,0.0422
1.5395,-1.4898,0.0410
1.5399,-1.4913,0.0399
1.5401,-1.4934,0.0388
1.5404,-1.4950,0.0377
1.5408,-1.4963,0.0366
1.5414,-1.4974,0.0354
1.5423,-1.4978,0.0342
1.5431,-1.4978,0.0329
1.5442,-1.4973,0.0316
1.5449,-1.4967,0.0303
1.5458,-1.4966,0.0293
1.5467,-1.4967,0.0283
1.5474,-1.4969,0.0275
1.5468,-1.4983,0.0281
1.5450,-1.5077,0.0296
1.5426,-1.5220,0.0312
1.5363,-1.5306,0.0362
1.5308,-1.5308,0.0400
1.5259,-1.5259,0.0434
1.5222,-1.5205,0.0459
1.5189,-1.5142,0.0477
1.5157,-1.5044,0.0488
1.5128,-1.4894,0.0491
1.5104,-1.4700,0.0486
1.5115,-1.4567,0.0465
1.5170,-1.4577,0.0426
1.5202,-1.4537,0.0412
1.5284,-1.4596,0.0360
1.5397,-1.4782,0.0278
1.5491,-1.5079,0.0208
1.5538,-1.5478,0.0169
1.5566,-1.5077,0.0129
1.5557,-1.4011,0.0093
1.5441,-1.3393,0.0167
1.5332,-1.3159,0.0252
1.5348,-1.2976,0.0224
1.5476,-1.2945,0.0097
1.5545,-1.3161,0.0048
1.5526,-1.3015,0.0090
1.5492,-1.2930,0.0180
1.5491,-1.2858,0.0271
1.5493,-1.2803,0.0377
1.5488,-1.2758,0.0493
1.5477,-1.2681,0.0620
1.5459,-1.2634,0.0756
1.5460,-1.2598,0.0873
1.5452,-1.2559,0.1000
1.5447,-1.2520,0.1124
1.5426,-1.2483,0.1257
1.5409,-1.2453,0.1379
1.5394,-1.2427,0.1487
1.5384,-1.2400,0.1582
1.5375,-1.2376,0.1666
1.5370,-1.2354,0.1737
1.5368,-1.2334,0.1795
1.5364,-1.2314,0.1846
1.5360,-1.2292,0.1888
1.5356,-1.2267,0.1919
1.5352,-1.2243,0.1939
1.5362,-1.2202,0.1951
1.5380,-1.2184,0.1945
1.5392,-1.2170,0.1942
1.5392,-1.2145,0.1954
1.5394,-1.2126,0.1960
1.5398,-1.2100,0.1968
1.5409,-1.2064,0.1976
1.5424,-1.2017,0.1987
1.5434,-1.1979,0.1995
1.5443,-1.1962,0.1997
1.5452,-1.1952,0.1996
1.5462,-1.1907,0.2008
1.5472,-1.1851,0.2026
1.5483,-1.1790,0.2044
1.5494,-1.1729,0.2062
1.5484,-1.1669,0.2087
1.5474,-1.1630,0.2085
1.5464,-1.1601,0.2057
1.5462,-1.1569,0.2004
1.5471,-1.1537,0.1920
1.5491,-1.1491,0.1820
1.5511,-1.1447,0.1705
1.5547,-1.1385,0.1573
1.5574,-1.1340,0.1437
1.5607,-1.1286,0.1293
1.5639,-1.1233,0.1148
1.5683,-1.1165,0.1000
1.5717,-1.1096,0.0871
1.5755,-1.1027,0.0752
1.5794,-1.0959,0.0649
1.5826,-1.0890,0.0568
1.5849,-1.0815,0.0514
1.5863,-1.0738,0.0481
1.5871,-1.0669,0.0456
1.5882,-1.0611,0.0425
1.5894,-1.0561,0.0380
1.5903,-1.0510,0.0328
1.5910,-1.0451,0.0270
1.5914,-1.0386,0.0206
1.5923,-1.0322,0.0135
1.5929,-1.0256,0.0062
1.5941,-1.0190,-0.0024
1.5956,-1.0124,-0.0115
1.5970,-1.0058,-0.0209
1.5983,-0.9988,-0.0305
1.5995,-0.9918,-0.0405
1.6010,-0.9849,-0.0510
1.6019,-0.9774,-0.0607
1.6023,-0.9689,-0.0691
1.6024,-0.9596,-0.0764
1.6022,-0.9501,-0.0831
1.6028,-0.9417,-0.0901
1.6030,-0.9335,-0.0969
1.6032,-0.9250,-0.1043
1.6037,-0.9167,-0.1120
1.6039,-0.9077,-0.1196
1.6019,-0.8951,-0.1238
1.6000,-0.8851,-0.1237
1.5997,-0.8770,-0.1206
1.6013,-0.8702,-0.1170
1.6014,-0.8646,-0.1121
1.6012,-0.8576,-0.1065
1.6003,-0.8500,-0.0989
1.5996,-0.8414,-0.0907
1.6000,-0.8334,-0.0829
1.6000,-0.8266,-0.0755
1.5989,-0.8202,-0.0683
1.5954,-0.8128,-0.0604
1.5953,-0.8017,-0.0559
1.5947,-0.7886,-0.0523
1.5969,-0.7800,-0.0546
1.5990,-0.7686,-0.0607
1.5992,-0.7596,-0.0696
1.5984,-0.7507,-0.0825
1.5969,-0.7419,-0.0999
1.5906,-0.7446,-0.1167
1.5803,-0.7537,-0.1303
1.5769,-0.7410,-0.1468
1.5871,-0.7147,-0.1738
1.6061,-0.7004,-0.2222
1.6256,-0.6794,-0.2879
1.6335,-0.6693,-0.3408
1.6368,-0.6869,-0.3662
1.6442,-0.7120,-0.3694
1.6395,-0.7213,-0.3566
1.6292,-0.7167,-0.3395
1.6269,-0.7154,-0.3324
1.6309,-0.7118,-0.3367
1.6361,-0.7076,-0.3462
1.6426,-0.7043,-0.3562
1.6523,-0.7020,-0.3651
1.6626,-0.7065,-0.3692
1.6727,-0.7269,-0.3693
1.6875,-0.7526,-0.3708
1.7104,-0.7823,-0.3739
1.7257,-0.8030,-0.3696
1.7265,-0.8187,-0.3526
1.7188,-0.8353,-0.3270
1.7054,-0.8579,-0.2957
1.6880,-0.8714,-0.2657
1.6775,-0.8734,-0.2449
1.6763,-0.8822,-0.2320
1.6815,-0.8961,-0.2256
1.6887,-0.9176,-0.2211
1.6951,-0.9558,-0.2148
1.7017,-1.0159,-0.2055
1.7081,-1.0983,-0.1934
1.7119,-1.1982,-0.1787
1.7129,-1.2968,-0.1643
1.7147,-1.3114,-0.1629
1.7169,-1.2733,-0.1688
1.7256,-1.2251,-0.1809
1.7438,-1.1769,-0.2013
1.7699,-1.1403,-0.2263
1.8034,-1.1130,-0.2557
1.8430,-1.0871,-0.2884
1.8862,-1.0603,-0.3228
1.9313,-1.0322,-0.3572
1.9763,-1.0038,-0.3905
2.0184,-0.9800,-0.4203
2.0547,-0.9591,-0.4444
2.0846,-0.9404,-0.4630
2.1083,-0.9230,-0.4762
2.1249,-0.9093,-0.4834
2.1350,-0.8986,-0.4846
2.1402,-0.8886,-0.4809
2.1427,-0.8788,-0.4736
2.1441,-0.8680,-0.4636
2.1452,-0.8568,-0.4518
2.1469,-0.8456,-0.4393
2.1489,-0.8348,-0.4270
2.1516,-0.8253,-0.4160
2.1556,-0.8166,-0.4073
2.1605,-0.8092,-0.4013
2.1671,-0.8027,-0.3981
2.1754,-0.7968,-0.3970
2.1853,-0.7914,-0.3977
2.1965,-0.7865,-0.4000
2.2082,-0.7822,-0.4039
2.2203,-0.7775,-0.4096
2.2325,-0.7721,-0.4170
2.2442,-0.7663,-0.4254
2.2551,-0.7600,-0.4341
2.2644,-0.7533,-0.4424
2.2727,-0.7466,-0.4499
2.2790,-0.7407,-0.4559
2.2837,-0.7351,-0.4602
2.2872,-0.7298,-0.4627
2.2897,-0.7249,-0.4639
2.2920,-0.7202,-0.4643
2.2939,-0.7157,-0.4645
2.2961,-0.7112,-0.4647
2.2986,-0.7068,-0.4646
2.3011,-0.7024,-0.4632
2.3029,-0.6987,-0.4601
2.3033,-0.6958,-0.4551
2.3024,-0.6932,-0.4483
2.3003,-0.6909,-0.4399
2.2974,-0.6886,-0.4306
2.2934,-0.6862,-0.4202
2.2888,-0.6834,-0.4095
2.2837,-0.6803,-0.3987
2.2786,-0.6769,-0.3881
2.2741,-0.6728,-0.3774
2.2705,-0.6684,-0.3669
2.2678,-0.6639,-0.3562
2.2658,-0.6592,-0.3454
2.2642,-0.6545,-0.3341
2.2625,-0.6496,-0.3225
2.2606,-0.6441,-0.3104
2.2584,-0.6377,-0.2980
2.2564,-0.6303,-0.2853
2.2544,-0.6221,-0.2722
2.2525,-0.6133,-0.2588
2.2506,-0.6038,-0.2452
2.2491,-0.5933,-0.2315
2.2476,-0.5823,-0.2177
2.2460,-0.5709,-0.2036
2.2443,-0.5589,-0.1893
2.2423,-0.5465,-0.1747
2.2400,-0.5332,-0.1602
2.2375,-0.5188,-0.1455
2.2351,-0.5030,-0.1310
2.2327,-0.4858,-0.1167
2.2306,-0.4676,-0.1029
2.2288,-0.4487,-0.0895
2.2271,-0.4297,-0.0766
2.2252,-0.4103,-0.0638
2.2233,-0.3905,-0.0514
2.2212,-0.3705,-0.0392
2.2188,-0.3499,-0.0267
2.2160,-0.3292,-0.0139
2.2126,-0.3086,-0.0004
2.2081,-0.2877,0.0138
2.2025,-0.2673,0.0282
2.1964,-0.2464,0.0428
2.1901,-0.2250,0.0570
2.1837,-0.2028,0.0704
2.1776,-0.1796,0.0827
2.1722,-0.1557,0.0937
2.1675,-0.1318,0.1033
2.1639,-0.1088,0.1121
2.1610,-0.0866,0.1205
2.1580,-0.0650,0.1288
2.1545,-0.0435,0.1373
2.1501,-0.0218,0.1466
2.1445,0.0003,0.1569
2.1379,0.0220,0.1685
2.1302,0.0432,0.1806
2.1221,0.0639,0.1928
2.1140,0.0845,0.2043
2.1062,0.1047,0.2148
2.0992,0.1248,0.2240
2.0932,0.1450,0.2316
2.0882,0.1654,0.2381
2.0841,0.1859,0.2437
2.0800,0.2067,0.2486
2.0758,0.2274,0.2531
2.0710,0.2482,0.2573
2.0657,0.2694,0.2614
2.0601,0.2907,0.2653
2.0541,0.3119,0.2689
2.0477,0.3331,0.2717
2.0409,0.3545,0.2741
2.0337,0.3765,0.2761
2.0263,0.3995,0.2779
2.0189,0.4235,0.2798
2.0118,0.4477,0.2819
2.0052,0.4713,0.2842
1.9988,0.4940,0.2865
1.9927,0.5162,0.2885
1.9862,0.5383,0.2901
1.9797,0.5602,0.2913
1.9730,0.5826,0.2922
1.9663,0.6056,0.2928
1.9599,0.6287,0.2931
1.9536,0.6520,0.2935
1.9476,0.6750,0.2937
1.9415,0.6980,0.2936
1.9355,0.7206,0.2932
1.9296,0.7424,0.2920
1.9235,0.7638,0.2896
1.9170,0.7847,0.2859
1.9099,0.8060,0.2807
1.9017,0.8285,0.2740
1.8928,0.8529,0.2658
1.8830,0.8793,0.2566
1.8726,0.9072,0.2466
1.8616,0.9361,0.2364
1.8504,0.9650,0.2265
1.8397,0.9930,0.2177
1.8293,1.0202,0.2099
1.8192,1.0465,0.2030
1.8094,1.0726,0.1964
1.7998,1.0989,0.1899
1.7900,1.1258,0.1830
1.7802,1.1534,0.1761
1.7703,1.1818,0.1691
1.7603,1.2102,0.1623
1.7498,1.2384,0.1550
1.7386,1.2671,0.1470
1.7274,1.2953,0.1389
1.7171,1.3222,0.1313
1.7087,1.3462,0.1252
1.7023,1.3666,0.1206
1.6975,1.3836,0.1173
1.6934,1.3981,0.1144
1.6889,1.4114,0.1112
1.6841,1.4246,0.1074
1.6791,1.4378,0.1034
1.6740,1.4501,0.0993
1.6698,1.4606,0.0960
1.6664,1.4691,0.0933
1.6640,1.4753,0.0917
1.6626,1.4787,0.0911
1.6622,1.4794,0.0914
1.6624,1.4779,0.0922
1.6633,1.4749,0.0936
1.6647,1.4709,0.0953
1.6665,1.4669,0.0974
1.6691,1.4635,0.0999
1.6726,1.4608,0.1033
1.6773,1.4582,0.1077
1.6830,1.4552,0.1130
1.6896,1.4508,0.1193
1.6971,1.4445,0.1263
1.7046,1.4365,0.1333
1.7118,1.4273,0.1401
1.7185,1.4175,0.1462
1.7246,1.4074,0.1519
1.7312,1.3965,0.1577
1.7389,1.3832,0.1648
1.7485,1.3670,0.1736
1.7600,1.3479,0.1842
1.7724,1.3267,0.1958
1.7852,1.3046,0.2078
1.7980,1.2816,0.2198
1.8106,1.2582,0.2317
1.8237,1.2337,0.2438
1.8375,1.2079,0.2566
1.8527,1.1803,0.2704
1.8686,1.1507,0.2846
1.8853,1.1197,0.2991
1.9020,1.0878,0.3133
1.9185,1.0546,0.3270
1.9348,1.0198,0.3404
1.9509,0.9830,0.3536
1.9668,0.9444,0.3666
1.9833,0.9038,0.3798
2.0000,0.8618,0.3924
2.0167,0.8199,0.4040
2.0323,0.7791,0.4135
2.0468,0.7414,0.4208
2.0600,0.7075,0.4258
2.0717,0.6772,0.4288
2.0822,0.6500,0.4296
2.0913,0.6250,0.4286
2.0994,0.6014,0.4262
2.1068,0.5779,0.4231
2.1139,0.5542,0.4198
2.1207,0.5292,0.4170
2.1272,0.5028,0.4151
2.1324,0.4754,0.4136
2.1357,0.4481,0.4124
2.1367,0.4225,0.4111
2.1352,0.3988,0.4095
2.1320,0.3779,0.4077
2.1281,0.3602,0.4062
2.1250,0.3442,0.4053
2.1228,0.3286,0.4046
2.1217,0.3116,0.4037
2.1215,0.2921,0.4023
2.1219,0.2697,0.4002
2.1233,0.2441,0.3980
2.1255,0.2155,0.3961
2.1279,0.1848,0.3941
2.1300,0.1541,0.3917
2.1312,0.1247,0.3883
2.1307,0.0985,0.3834
2.1280,0.0754,0.3770
2.1234,0.0549,0.3693
2.1178,0.0354,0.3614
2.1116,0.0150,0.3543
2.1059,-0.0072,0.3485
2.1010,-0.0314,0.3444
2.0963,-0.0565,0.3418
2.0915,-0.0806,0.3402
2.0857,-0.1017,0.3392
2.0788,-0.1191,0.3388
2.0713,-0.1335,0.3388
2.0635,-0.1479,0.3400
2.0559,-0.1654,0.3421
2.0492,-0.1865,0.3447
2.0433,-0.2104,0.3466
2.0379,-0.2349,0.3471
2.0330,-0.2563,0.3465
2.0281,-0.2728,0.3451
2.0237,-0.2843,0.3440
2.0201,-0.2925,0.3438
2.0175,-0.2997,0.3451
2.0159,-0.3066,0.3478
2.0148,-0.3123,0.3516
2.0140,-0.3163,0.3564
2.0132,-0.3177,0.3619
2.0129,-0.3164,0.3672
2.0136,-0.3126,0.3720
2.0153,-0.3061,0.3762
2.0184,-0.2960,0.3797
2.0227,-0.2810,0.3824
2.0277,-0.2599,0.3839
2.0330,-0.2327,0.3844
2.0380,-0.2007,0.3839
2.0425,-0.1668,0.3826
2.0462,-0.1343,0.3813
2.0502,-0.1056,0.3806
2.0557,-0.0814,0.3810
2.0637,-0.0610,0.3830
2.0749,-0.0441,0.3867
2.0884,-0.0292,0.3917
2.1032,-0.0148,0.3974
2.1182,0.0008,0.4033
2.1326,0.0186,0.4087
2.1462,0.0393,0.4139
2.1596,0.0620,0.4198
2.1739,0.0833,0.4278
2.1904,0.1002,0.4389
2.2105,0.1103,0.4536
2.2339,0.1139,0.4708
2.2599,0.1121,0.4891
2.2860,0.1077,0.5066
2.3095,0.1051,0.5219
2.3287,0.1074,0.5349
2.3437,0.1148,0.5460
2.3559,0.1255,0.5563
2.3671,0.1370,0.5669
2.3787,0.1475,0.5779
2.3915,0.1547,0.5892
2.4056,0.1578,0.6006
2.4207,0.1578,0.6119
2.4359,0.1565,0.6231
2.4508,0.1546,0.6346
2.4654,0.1522,0.6462
2.4796,0.1491,0.6583
2.4932,0.1456,0.6708
2.5062,0.1424,0.6845
2.5191,0.1395,0.6996
2.5330,0.1359,0.7166
2.5484,0.1305,0.7361
2.5651,0.1234,0.7572
2.5823,0.1168,0.7792
2.5992,0.1120,0.8007
2.6152,0.1083,0.8206
2.6312,0.1043,0.8389
2.6476,0.0989,0.8557
2.6643,0.0922,0.8714
2.6811,0.0837,0.8856
2.6971,0.0746,0.8980
2.7120,0.0653,0.9090
2.7252,0.0563,0.9182
2.7371,0.0476,0.9264
2.7482,0.0399,0.9341
2.7601,0.0316,0.9416
2.7732,0.0230,0.9493
2.7871,0.0137,0.9566
2.8018,0.0037,0.9638
2.8165,-0.0064,0.9710
2.8312,-0.0162,0.9785
2.8455,-0.0249,0.9870
2.8593,-0.0327,0.9959
2.8722,-0.0400,1.0050
2.8834,-0.0466,1.0128
2.8933,-0.0526,1.0191
2.9023,-0.0585,1.0246
2.9107,-0.0643,1.0295
2.9187,-0.0696,1.0344
2.9257,-0.0738,1.0394
2.9308,-0.0762,1.0440
2.9343,-0.0771,1.0477
2.9362,-0.0764,1.0510
2.9369,-0.0747,1.0533
2.9376,-0.0730,1.0553
2.9381,-0.0714,1.0570
2.9381,-0.0694,1.0582
2.9374,-0.0670,1.0586
2.9363,-0.0651,1.0582
2.9351,-0.0637,1.0574
2.9334,-0.0620,1.0563
2.9308,-0.0596,1.0550
2.9267,-0.0557,1.0532
2.9217,-0.0509,1.0514
2.9171,-0.0464,1.0498
2.9136,-0.0426,1.0493
2.9109,-0.0390,1.0497
2.9083,-0.0352,1.0507
2.9051,-0.0306,1.0522
2.9006,-0.0247,1.0535
2.8944,-0.0169,1.0545
2.8854,-0.0063,1.0542
2.8725,0.0076,1.0519
2.8547,0.0259,1.0461
2.8327,0.0483,1.0363
2.8100,0.0718,1.0240
2.7905,0.0925,1.0121
2.7741,0.1098,1.0016
2.7584,0.1253,0.9912
2.7421,0.1399,0.9809
2.7244,0.1549,0.9707
2.7051,0.1709,0.9600
2.6844,0.1883,0.9486
2.6626,0.2069,0.9358
2.6402,0.2259,0.9217
2.6183,0.2438,0.9070
2.5973,0.2592,0.8927
2.5772,0.2739,0.8790
2.5579,0.2900,0.8664
2.5392,0.3075,0.8549
2.5211,0.3259,0.8446
2.5031,0.3453,0.8348
2.4843,0.3663,0.8243
2.4647,0.3892,0.8126
2.4443,0.4133,0.7996
2.4236,0.4377,0.7855
2.4029,0.4614,0.7709
2.3827,0.4844,0.7561
2.3631,0.5067,0.7415
2.3441,0.5281,0.7274
2.3261,0.5481,0.7144
2.3085,0.5670,0.7019
2.2910,0.5853,0.6894
2.2734,0.6033,0.6764
2.2553,0.6214,0.6624
2.2366,0.6392,0.6470
2.2167,0.6570,0.6299
2.1965,0.6743,0.6115
2.1771,0.6901,0.5929
2.1593,0.7036,0.5752
2.1431,0.7146,0.5588
2.1270,0.7240,0.5430
2.1108,0.7331,0.5275
2.0932,0.7437,0.5110
2.0741,0.7564,0.4933
2.0535,0.7716,0.4735
2.0313,0.7899,0.4517
2.0087,0.8107,0.4289
1.9875,0.8322,0.4069
1.9684,0.8526,0.3863
1.9515,0.8707,0.3674
1.9353,0.8867,0.3489
1.9189,0.9008,0.3303
1.9015,0.9141,0.3111
1.8835,0.9264,0.2921
1.8650,0.9378,0.2737
1.8469,0.9485,0.2562
1.8287,0.9586,0.2390
1.8106,0.9682,0.2218
1.7918,0.9773,0.2037
1.7721,0.9859,0.1845
1.7514,0.9946,0.1643
1.7298,1.0032,0.1433
1.7076,1.0112,0.1221
1.6857,1.0185,0.1015
1.6642,1.0248,0.0816
1.6433,1.0303,0.0623
1.6228,1.0355,0.0435
1.6028,1.0416,0.0249
1.5836,1.0486,0.0067
1.5652,1.0561,-0.0113
1.5475,1.0638,-0.0291
1.5303,1.0714,-0.0466
1.5134,1.0785,-0.0637
1.4974,1.0845,-0.0798
1.4826,1.0892,-0.0949
1.4689,1.0926,-0.1088
1.4561,1.0951,-0.1217
1.4436,1.0973,-0.1341
1.4311,1.0987,-0.1464
1.4172,1.0991,-0.1599
1.4013,1.0979,-0.1752
1.3833,1.0946,-0.1927
1.3639,1.0900,-0.2118
1.3439,1.0857,-0.2315
1.3250,1.0833,-0.2501
1.3092,1.0832,-0.2660
1.2960,1.0843,-0.2793
1.2836,1.0849,-0.2917
1.2709,1.0845,-0.3043
1.2577,1.0829,-0.3174
1.2457,1.0814,-0.3295
1.2352,1.0805,-0.3403
1.2256,1.0798,-0.3503
1.2158,1.0793,-0.3601
1.2059,1.0785,-0.3698
1.1965,1.0775,-0.3788
1.1877,1.0760,-0.3869
1.1800,1.0748,-0.3936
1.1741,1.0749,-0.3985
1.1695,1.0763,-0.4019
1.1650,1.0774,-0.4054
1.1607,1.0780,-0.4091
1.1563,1.0781,-0.4128
1.1524,1.0779,-0.4164
1.1494,1.0778,-0.4190
1.1483,1.0784,-0.4196
1.1498,1.0799,-0.4173
1.1539,1.0821,-0.4126
1.1595,1.0849,-0.4059
1.1656,1.0883,-0.3987
1.1714,1.0920,-0.3920
1.1761,1.0960,-0.3866
1.1795,1.1000,-0.3830
1.1821,1.1046,-0.3805
1.1851,1.1093,-0.3780
1.1893,1.1143,-0.3745
1.1954,1.1200,-0.3690
1.2035,1.1257,-0.3614
1.2130,1.1304,-0.3521
1.2244,1.1337,-0.3409
1.2376,1.1357,-0.3276
1.2524,1.1365,-0.3124
1.2686,1.1358,-0.2954
1.2860,1.1327,-0.2772
1.3044,1.1272,-0.2579
1.3238,1.1196,-0.2378
1.3443,1.1095,-0.2170
1.3655,1.0971,-0.1962
1.3873,1.0826,-0.1752
1.4095,1.0663,-0.1545
1.4318,1.0481,-0.1339
1.4541,1.0277,-0.1134
1.4765,1.0044,-0.0929
1.4992,0.9788,-0.0721
1.5217,0.9514,-0.0514
1.5430,0.9231,-0.0317
1.5624,0.8947,-0.0133
1.5798,0.8674,0.0036
1.5953,0.8414,0.0194
1.6096,0.8167,0.0341
1.6234,0.7931,0.0480
1.6371,0.7695,0.0617
1.6507,0.7459,0.0753
1.6643,0.7214,0.0894
1.6772,0.6956,0.1040
1.6897,0.6691,0.1194
1.7019,0.6428,0.1352
1.7134,0.6177,0.1504
1.7242,0.5946,0.1644
1.7343,0.5743,0.1767
1.7436,0.5570,0.1872
1.7519,0.5420,0.1961
1.7599,0.5275,0.2046
1.7678,0.5118,0.2136
1.7759,0.4936,0.2239
1.7841,0.4727,0.2357
1.7924,0.4492,0.2489
1.8005,0.4238,0.2632
1.8081,0.3984,0.2776
1.8157,0.3741,0.2916
1.8232,0.3519,0.3049
1.8305,0.3315,0.3169
1.8371,0.3116,0.3278
1.8430,0.2921,0.3379
1.8485,0.2715,0.3478
1.8534,0.2481,0.3578
1.8582,0.2226,0.3683
1.8631,0.1958,0.3793
1.8681,0.1696,0.3901
1.8731,0.1455,0.4000
1.8777,0.1239,0.4091
1.8813,0.1052,0.4171
1.8841,0.0893,0.4241
1.8858,0.0745,0.4307
1.8869,0.0586,0.4372
1.8873,0.0404,0.4445
1.8872,0.0183,0.4532
1.8865,-0.0062,0.4631
1.8856,-0.0310,0.4737
1.8847,-0.0535,0.4837
1.8841,-0.0716,0.4925
1.8840,-0.0840,0.4998
1.8848,-0.0911,0.5056
1.8855,-0.0967,0.5107
1.8854,-0.1040,0.5159
1.8847,-0.1145,0.5218
1.8837,-0.1277,0.5284
1.8828,-0.1424,0.5347
1.8820,-0.1565,0.5409
1.8813,-0.1685,0.5464
1.8803,-0.1772,0.5512
1.8793,-0.1833,0.5555
1.8780,-0.1885,0.5591
1.8764,-0.1940,0.5623
1.8752,-0.2000,0.5649
1.8751,-0.2059,0.5665
1.8757,-0.2111,0.5671
1.8770,-0.2150,0.5667
1.8789,-0.2167,0.5655
1.8815,-0.2159,0.5641
1.8850,-0.2124,0.5626
1.8897,-0.2049,0.5611
1.8955,-0.1926,0.5595
1.9026,-0.1747,0.5572
1.9105,-0.1519,0.5538
1.9184,-0.1263,0.5493
1.9257,-0.0998,0.5440
1.9328,-0.0738,0.5386
1.9404,-0.0483,0.5335
1.9494,-0.0216,0.5285
1.9610,0.0081,0.5232
1.9748,0.0423,0.5174
1.9899,0.0816,0.5100
2.0043,0.1265,0.5006
2.0167,0.1765,0.4888
2.0255,0.2299,0.4746
2.0301,0.2854,0.4583
2.0310,0.3414,0.4409
2.0287,0.3969,0.4233
2.0242,0.4501,0.4069
2.0182,0.5004,0.3920
2.0111,0.5476,0.3789
2.0031,0.5919,0.3678
1.9942,0.6347,0.3583
1.9847,0.6760,0.3505
1.9748,0.7159,0.3438
1.9643,0.7541,0.3377
1.9539,0.7910,0.3323
1.9448,0.8266,0.3281
1.9371,0.8597,0.3249
1.9311,0.8897,0.3229
1.9267,0.9168,0.3215
1.9236,0.9417,0.3205
1.9213,0.9660,0.3194
1.9189,0.9903,0.3177
1.9161,1.0152,0.3149
1.9120,1.0413,0.3110
1.9061,1.0683,0.3056
1.8982,1.0962,0.2987
1.8889,1.1251,0.2906
1.8791,1.1539,0.2824
1.8694,1.1816,0.2746
1.8602,1.2071,0.2673
1.8517,1.2305,0.2608
1.8437,1.2524,0.2549
1.8366,1.2725,0.2497
1.8293,1.2910,0.2447
1.8218,1.3082,0.2396
1.8131,1.3241,0.2338
1.8033,1.3388,0.2269
1.7913,1.3516,0.2185
1.7782,1.3612,0.2092
1.7648,1.3663,0.1997
1.7525,1.3668,0.1911
1.7418,1.3632,0.1839
1.7326,1.3563,0.1780
1.7251,1.3474,0.1734
1.7187,1.3370,0.1697
1.7129,1.3254,0.1665
1.7074,1.3130,0.1635
1.7019,1.2995,0.1606
1.6965,1.2857,0.1577
1.6911,1.2717,0.1548
1.6862,1.2585,0.1524
1.6822,1.2462,0.1505
1.6792,1.2352,0.1493
1.6773,1.2253,0.1489
1.6772,1.2172,0.1499
1.6792,1.2112,0.1525
1.6834,1.2077,0.1568
1.6899,1.2069,0.1627
1.6979,1.2084,0.1698
1.7067,1.2116,0.1776
1.7154,1.2162,0.1853
1.7242,1.2216,0.1926
1.7328,1.2277,0.1996
1.7415,1.2346,0.2065
1.7509,1.2417,0.2138
1.7608,1.2487,0.2214
1.7712,1.2553,0.2294
1.7822,1.2616,0.2377
1.7937,1.2670,0.2464
1.8055,1.2714,0.2551
1.8175,1.2745,0.2641
1.8298,1.2758,0.2732
1.8425,1.2752,0.2825
1.8556,1.2721,0.2923
1.8691,1.2663,0.3025
1.8829,1.2578,0.3129
1.8967,1.2467,0.3234
1.9107,1.2331,0.3341
1.9251,1.2173,0.3450
1.9394,1.1998,0.3558
1.9535,1.1814,0.3666
1.9673,1.1627,0.3768
1.9803,1.1441,0.3863
1.9924,1.1261,0.3946
2.0031,1.1089,0.4017
2.0125,1.0929,0.4074
2.0212,1.0782,0.4125
2.0292,1.0642,0.4174
2.0369,1.0509,0.4221
2.0445,1.0381,0.4270
2.0519,1.0259,0.4317
2.0585,1.0147,0.4361
2.0646,1.0043,0.4401
2.0698,0.9949,0.4433
2.0741,0.9862,0.4459
2.0780,0.9779,0.4482
2.0813,0.9702,0.4501
2.0845,0.9630,0.4521
2.0879,0.9562,0.4544
2.0912,0.9496,0.4568
2.0944,0.9436,0.4591
2.0977,0.9377,0.4615
2.1010,0.9320,0.4635
2.1043,0.9261,0.4654
2.1080,0.9197,0.4673
2.1118,0.9129,0.4693
2.1156,0.9054,0.4712
2.1191,0.8980,0.4730
2.1221,0.8909,0.4743
2.1244,0.8842,0.4753
2.1262,0.8782,0.4757
2.1276,0.8725,0.4758
2.1288,0.8671,0.4759
2.1303,0.8612,0.4761
2.1323,0.8548,0.4766
2.1347,0.8476,0.4774
2.1374,0.8399,0.4784
2.1401,0.8320,0.4791
2.1426,0.8246,0.4796
2.1444,0.8179,0.4796
2.1453,0.8124,0.4788
2.1455,0.8081,0.4773
2.1448,0.8048,0.4753
2.1435,0.8022,0.4731
2.1419,0.7999,0.4709
2.1402,0.7976,0.4689
2.1388,0.7952,0.4675
2.1375,0.7928,0.4664
2.1368,0.7905,0.4659
2.1368,0.7878,0.4659
2.1373,0.7849,0.4663
2.1382,0.7819,0.4666
2.1387,0.7792,0.4665
2.1388,0.7772,0.4661
2.1386,0.7756,0.4654
2.1380,0.7747,0.4645
2.1374,0.7743,0.4636
2.1371,0.7740,0.4630
2.1372,0.7734,0.4628
2.1377,0.7723,0.4628
2.1385,0.7707,0.4630
2.1394,0.7688,0.4634
2.1404,0.7661,0.4640
2.1411,0.7631,0.4646
2.1416,0.7601,0.4653
2.1421,0.7575,0.4658
2.1425,0.7554,0.4660
2.1429,0.7534,0.4658
2.1433,0.7517,0.4654
2.1437,0.7502,0.4645
2.1441,0.7491,0.4637
2.1445,0.7490,0.4630
2.1445,0.7497,0.4627
2.1441,0.7506,0.4625
2.1432,0.7522,0.4625
2.1418,0.7546,0.4620
2.1403,0.7574,0.4612
2.1389,0.7598,0.4600
2.1377,0.7617,0.4587
2.1371,0.7628,0.4578
2.1365,0.7635,0.4571
2.1359,0.7643,0.4567
2.1354,0.7650,0.4565
2.1345,0.7664,0.4560
2.1336,0.7681,0.4555
2.1327,0.7696,0.4548
2.1320,0.7709,0.4540
2.1316,0.7712,0.4534
2.1317,0.7707,0.4533
2.1318,0.7699,0.4534
2.1322,0.7690,0.4539
2.1326,0.7687,0.4546
2.1329,0.7686,0.4554
2.1332,0.7689,0.4563
2.1335,0.7693,0.4570
2.1337,0.7698,0.4574
2.1337,0.7705,0.4576
2.1338,0.7714,0.4576
2.1340,0.7724,0.4575
2.1346,0.7734,0.4575
2.1358,0.7739,0.4577
2.1373,0.7737,0.4579
2.1395,0.7721,0.4586
2.1416,0.7697,0.4594
2.1436,0.7672,0.4605
2.1446,0.7652,0.4613
2.1446,0.7646,0.4617
2.1437,0.7657,0.4616
2.1421,0.7682,0.4612
2.1408,0.7710,0.4605
2.1401,0.7731,0.4598
2.1402,0.7737,0.4594
2.1408,0.7726,0.4593
2.1413,0.7709,0.4592
2.1413,0.7698,0.4590
2.1404,0.7697,0.4586
2.1382,0.7713,0.4577
2.1350,0.7743,0.4563
2.1315,0.7783,0.4543
2.1277,0.7827,0.4519
2.1244,0.7867,0.4495
2.1222,0.7895,0.4474
2.1207,0.7908,0.4456
2.1202,0.7909,0.4440
2.1200,0.7906,0.4426
2.1196,0.7908,0.4410
2.1188,0.7914,0.4393
2.1173,0.7925,0.4371
2.1152,0.7947,0.4346
2.1128,0.7971,0.4318
2.1104,0.7994,0.4289
2.1084,0.8011,0.4262
2.1069,0.8025,0.4238
2.1059,0.8036,0.4216
2.1049,0.8046,0.4196
2.1040,0.8058,0.4174
2.1025,0.8076,0.4148
2.1005,0.8101,0.4117
2.0981,0.8134,0.4082
2.0952,0.8169,0.4044
2.0921,0.8206,0.4002
2.0890,0.8240,0.3958
2.0860,0.8271,0.3910
2.0832,0.8298,0.3860
2.0805,0.8322,0.3806
2.0781,0.8345,0.3752
2.0758,0.8369,0.3700
2.0736,0.8400,0.3651
2.0714,0.8436,0.3606
2.0686,0.8474,0.3559
2.0655,0.8512,0.3513
2.0619,0.8549,0.3463
2.0581,0.8583,0.3408
2.0541,0.8614,0.3351
2.0507,0.8639,0.3294
2.0479,0.8660,0.3238
2.0459,0.8676,0.3185
2.0448,0.8688,0.3136
2.0439,0.8698,0.3089
2.0431,0.8713,0.3044
2.0420,0.8735,0.3000
2.0403,0.8767,0.2953
2.0375,0.8804,0.2901
2.0339,0.8843,0.2843
2.0299,0.8878,0.2783
2.0259,0.8913,0.2721
2.0228,0.8941,0.2664
2.0207,0.8965,0.2612
2.0198,0.8980,0.2569
2.0201,0.8982,0.2529
2.0209,0.8979,0.2493
2.0220,0.8972,0.2459
2.0231,0.8966,0.2423
2.0238,0.8964,0.2388
2.0237,0.8970,0.2348
2.0229,0.8984,0.2306
2.0217,0.8999,0.2262
2.0205,0.9007,0.2218
2.0197,0.9005,0.2175
2.0197,0.8989,0.2135
2.0205,0.8967,0.2100
2.0218,0.8942,0.2069
2.0233,0.8916,0.2043
2.0246,0.8891,0.2018
2.0251,0.8873,0.1991
2.0248,0.8857,0.1961
2.0236,0.8828,0.1916
2.0219,0.8786,0.1857
2.0207,0.8745,0.1796
2.0202,0.8719,0.1742
2.0202,0.8711,0.1700
2.0211,0.8720,0.1673
2.0222,0.8738,0.1656
2.0232,0.8755,0.1645
2.0241,0.8761,0.1640
2.0251,0.8751,0.1642
2.0258,0.8728,0.1649
2.0261,0.8710,0.1662
2.0261,0.8698,0.1674
2.0260,0.8701,0.1683
2.0258,0.8718,0.1691
2.0258,0.8714,0.1686
2.0254,0.8686,0.1663
2.0242,0.8647,0.1619
2.0231,0.8620,0.1571
2.0224,0.8608,0.1527
2.0224,0.8587,0.1488
2.0219,0.8566,0.1443
2.0180,0.8621,0.1388
2.0122,0.8702,0.1325
2.0071,0.8752,0.1267
2.0026,0.8796,0.1212
1.9985,0.8836,0.1161
1.9952,0.8862,0.1115
1.9922,0.8876,0.1071
1.9893,0.8886,0.1029
1.9862,0.8905,0.0988
1.9823,0.8941,0.0944
1.9778,0.8990,0.0901
1.9735,0.9044,0.0864
1.9696,0.9096,0.0833
1.9661,0.9150,0.0807
1.9628,0.9207,0.0786
1.9598,0.9266,0.0767
1.9570,0.9312,0.0746
1.9540,0.9348,0.0720
1.9513,0.9370,0.0691
1.9484,0.9381,0.0654
1.9455,0.9387,0.0617
1.9431,0.9388,0.0581
1.9410,0.9384,0.0548
1.9393,0.9373,0.0520
1.9381,0.9357,0.0496
1.9372,0.9340,0.0478
1.9364,0.9323,0.0464
1.9355,0.9301,0.0452
1.9348,0.9276,0.0445
1.9344,0.9242,0.0443
1.9344,0.9205,0.0446
1.9341,0.9172,0.0454
1.9323,0.9168,0.0451
1.9282,0.9199,0.0425
1.9259,0.9205,0.0398
1.9258,0.9193,0.0385
1.9258,0.9187,0.0373
1.9252,0.9189,0.0360
1.9245,0.9189,0.0349
1.9236,0.9189,0.0336
1.9227,0.9187,0.0325
1.9215,0.9184,0.0312
1.9204,0.9180,0.0298
1.9194,0.9176,0.0285
1.9181,0.9173,0.0271
1.9170,0.9169,0.0257
1.9164,0.9164,0.0244
1.9157,0.9161,0.0235
1.9153,0.9158,0.0227
1.9147,0.9159,0.0222
1.9145,0.9160,0.0219
1.9140,0.9163,0.0218
1.9139,0.9161,0.0216
1.9135,0.9157,0.0214
1.9131,0.9153,0.0209
1.9125,0.9148,0.0203
1.9117,0.9145,0.0195
1.9111,0.9140,0.0187
1.9104,0.9134,0.0180
1.9098,0.9128,0.0172
1.9093,0.9125,0.0166
1.9087,0.9122,0.0160
1.9083,0.9117,0.0154
1.9077,0.9109,0.0145
1.9071,0.9100,0.0137
1.9065,0.9089,0.0130
1.9059,0.9078,0.0120
1.9053,0.9066,0.0112
1.9048,0.9051,0.0104
1.9043,0.9035,0.0094
1.9039,0.9021,0.0085
1.9036,0.9009,0.0074
1.9032,0.8996,0.0063
1.9030,0.8982,0.0049
1.9029,0.8971,0.0036
1.9028,0.8962,0.0025
1.9028,0.8959,0.0018
1.9029,0.8960,0.0015
1.9032,0.8962,0.0017
1.9035,0.8963,0.0020
1.9035,0.8965,0.0021
1.9034,0.8965,0.0020
1.9033,0.8966,0.0019
1.9031,0.8968,0.0017
1.9027,0.8970,0.0014
1.9025,0.8972,0.0011
1.9024,0.8972,0.0007
1.9022,0.8974,0.0004
1.9024,0.8978,0.0003
1.9024,0.8982,0.0001
1.9026,0.8985,0.0001
1.9027,0.8988,0.0000
1.9028,0.8992,-0.0000
1.9030,0.8997,0.0000
1.9031,0.9002,0.0001
1.9033,0.9008,0.0003
1.9036,0.9010,0.0004
1.9039,0.9010,0.0008
1.9044,0.9009,0.0013
1.9046,0.9009,0.0016
1.9048,0.9011,0.0019
1.9048,0.9014,0.0021
1.9051,0.9015,0.0024
1.9052,0.9016,0.0025
1.9053,0.9020,0.0027
1.9052,0.9023,0.0027
1.9053,0.9026,0.0029
1.9054,0.9029,0.0030
1.9056,0.9033,0.0031
1.9057,0.9034,0.0031
1.9060,0.9035,0.0031
1.9062,0.9037,0.0030
1.9064,0.9037,0.0030
1.9066,0.9038,0.0028
1.9069,0.9038,0.0026
1.9071,0.9038,0.0025
1.9074,0.9037,0.0024
1.9075,0.9037,0.0021
1.9079,0.9037,0.0020
1.9082,0.9036,0.0019
1.9086,0.9036,0.0017
1.9088,0.9035,0.0015
1.9092,0.9035,0.0014
1.9094,0.9036,0.0012
1.9096,0.9036,0.0011
1.9097,0.9037,0.0010
1.9099,0.9038,0.0010
1.9098,0.9038,0.0008
1.9097,0.9040,0.0009
1.9096,0.9041,0.0009
1.9095,0.9042,0.0010
1.9095,0.9044,0.0012
1.9095,0.9044,0.0013
1.9097,0.9044,0.0015
1.9098,0.9044,0.0017
1.9101,0.9043,0.0018
1.9102,0.9044,0.0020
1.9107,0.9042,0.0023
1.9109,0.9041,0.0027
1.9115,0.9041,0.0033
1.9120,0.9038,0.0038
1.9124,0.9037,0.0043
1.9129,0.9037,0.0048
1.9131,0.9038,0.0052
1.9133,0.9038,0.0055
1.9136,0.9039,0.0060
1.9137,0.9039,0.0061
1.9138,0.9041,0.0064
1.9139,0.9042,0.0064
1.9140,0.9044,0.0067
1.9140,0.9046,0.0068
1.9142,0.9048,0.0069
1.9142,0.9049,0.0069
1.9142,0.9050,0.0070
1.9143,0.9052,0.0070
1.9145,0.9053,0.0072
1.9146,0.9053,0.0075
1.9147,0.9054,0.0078
1.9145,0.9056,0.0080
1.9143,0.9058,0.0083
1.9144,0.9059,0.0086
1.9143,0.9060,0.0088
1.9144,0.9062,0.0090
1.9143,0.9063,0.0091
1.9144,0.9064,0.0091
1.9145,0.9065,0.0091
1.9147,0.9065,0.0092
1.9150,0.9064,0.0094
1.9154,0.9062,0.0095
1.9157,0.9062,0.0096
1.9160,0.9061,0.0098
1.9163,0.9060,0.0099
1.9168,0.9059,0.0101
1.9172,0.9057,0.0102
1.9177,0.9055,0.0104
1.9181,0.9054,0.0106
1.9186,0.9053,0.0108
1.9189,0.9052,0.0111
1.9192,0.9052,0.0112
1.9197,0.9052,0.0115
1.9201,0.9052,0.0118
1.9206,0.9052,0.0122
1.9210,0.9049,0.0124
1.9214,0.9049,0.0127
1.9219,0.9048,0.0130
1.9223,0.9048,0.0135
1.9228,0.9047,0.0138
1.9232,0.9047,0.0141
1.9235,0.9046,0.0144
1.9239,0.9045,0.0146
1.9241,0.9045,0.0148
1.9243,0.9044,0.0149
1.9246,0.9044,0.0150
1.9249,0.9044,0.0151
1.9252,0.9044,0.0153
1.9255,0.9043,0.0154
1.9258,0.9042,0.0155
1.9260,0.9041,0.0157
1.9263,0.9041,0.0158
1.9266,0.9041,0.0160
1.9269,0.9039,0.0161
1.9272,0.9039,0.0162
1.9276,0.9038,0.0164
1.9278,0.9038,0.0165
1.9282,0.9037,0.0167
1.9283,0.9037,0.0167
1.9286,0.9037,0.0169
1.9288,0.9038,0.0169
1.9289,0.9038,0.0170
1.9292,0.9038,0.0171
1.9292,0.9039,0.0171
1.9294,0.9039,0.0171
1.9295,0.9040,0.0171
1.9297,0.9041,0.0172
1.9300,0.9041,0.0173
1.9300,0.9041,0.0172
1.9303,0.9041,0.0173
1.9306,0.9040,0.0174
1.9308,0.9041,0.0174
1.9310,0.9041,0.0176
1.9313,0.9041,0.0176
1.9315,0.9042,0.0176
1.9316,0.9041,0.0176
1.9318,0.9042,0.0177
1.9318,0.9043,0.0177
1.9321,0.9044,0.0178
1.9322,0.9045,0.0178
1.9322,0.9046,0.0178
1.9324,0.9047,0.0178
1.9327,0.9047,0.0179
1.9328,0.9047,0.0180
1.9331,0.9047,0.0181
1.9333,0.9047,0.0183
1.9336,0.9045,0.0183
1.9338,0.9045,0.0184
1.9342,0.9044,0.0186
1.9343,0.9044,0.0188
1.9346,0.9044,0.0189
1.9350,0.9043,0.0191
1.9351,0.9042,0.0190
1.9351,0.9043,0.0191
1.9354,0.9044,0.0192
1.9354,0.9044,0.0192
1.9356,0.9044,0.0191
1.9358,0.9045,0.0192
1.9358,0.9046,0.0192
1.9359,0.9047,0.0192
1.9359,0.9049,0.0192
1.9359,0.9049,0.0192
1.9362,0.9050,0.0193
1.9363,0.9050,0.0193
1.9366,0.9050,0.0195
1.9369,0.9049,0.0195
1.9371,0.9047,0.0196
1.9374,0.9047,0.0198
1.9376,0.9046,0.0199
1.9379,0.9046,0.0200
1.9381,0.9045,0.0201
1.9382,0.9045,0.0202
1.9386,0.9044,0.0204
1.9388,0.9044,0.0204
1.9389,0.9044,0.0206
1.9389,0.9045,0.0205
1.9390,0.9046,0.0205
1.9390,0.9047,0.0205
1.9390,0.9048,0.0205
1.9390,0.9050,0.0203
1.9391,0.9052,0.0203
1.9390,0.9054,0.0202
1.9391,0.9054,0.0201
1.9392,0.9055,0.0202
1.9395,0.9055,0.0202
1.9398,0.9054,0.0204
1.9401,0.9054,0.0204
1.9405,0.9053,0.0205
1.9408,0.9052,0.0207
1.9412,0.9051,0.0209
1.9414,0.9049,0.0209
1.9418,0.9048,0.0211
1.9419,0.9047,0.0212
1.9423,0.9046,0.0213
1.9424,0.9046,0.0214
1.9425,0.9047,0.0213
1.9425,0.9048,0.0213
1.9426,0.9049,0.0213
1.9425,0.9051,0.0211
1.9424,0.9052,0.0211
1.9425,0.9053,0.0211
1.9424,0.9055,0.0209
1.9425,0.9056,0.0209
1.9427,0.9056,0.0209
1.9429,0.9056,0.0210
1.9431,0.9057,0.0210
1.9434,0.9056,0.0210
1.9438,0.9055,0.0212
1.9441,0.9053,0.0213
1.9444,0.9052,0.0213
1.9448,0.9051,0.0215
1.9451,0.9050,0.0217
1.9454,0.9049,0.0218
1.9458,0.9048,0.0220
1.9459,0.9047,0.0221
1.9460,0.9047,0.0221
1.9461,0.9047,0.0221
1.9462,0.9048,0.0221
1.9462,0.9049,0.0221
1.9461,0.9051,0.0219
1.9460,0.9052,0.0218
1.9459,0.9054,0.0216
1.9459,0.9056,0.0216
1.9458,0.9058,0.0215
1.9459,0.9059,0.0214
1.9461,0.9059,0.0214
1.9462,0.9060,0.0214
1.9467,0.9059,0.0214
1.9469,0.9058,0.0215
1.9474,0.9056,0.0216
1.9478,0.9055,0.0218
1.9483,0.9053,0.0221
1.9486,0.9052,0.0223
1.9490,0.9051,0.0224
1.9492,0.9049,0.0226
1.9494,0.9049,0.0226
1.9495,0.9048,0.0226
1.9496,0.9049,0.0225
1.9496,0.9050,0.0225
1.9494,0.9052,0.0224
1.9492,0.9054,0.0222
1.9490,0.9057,0.0220
1.9490,0.9059,0.0220
1.9488,0.9062,0.0218
1.9488,0.9063,0.0217
1.9489,0.9064,0.0217
1.9491,0.9063,0.0217
1.9496,0.9062,0.0220
1.9499,0.9061,0.0220
1.9505,0.9059,0.0223
1.9508,0.9057,0.0224
1.9514,0.9055,0.0227
1.9517,0.9053,0.0228
1.9521,0.9050,0.0230
1.9524,0.9050,0.0231
1.9528,0.9049,0.0233
1.9529,0.9049,0.0233
1.9531,0.9048,0.0233
1.9530,0.9050,0.0232
1.9531,0.9051,0.0231
1.9529,0.9053,0.0230
1.9526,0.9056,0.0227
1.9525,0.9059,0.0226
1.9525,0.9060,0.0224
1.9524,0.9062,0.0224
1.9524,0.9064,0.0222
1.9526,0.9066,0.0223
1.9529,0.9065,0.0223
1.9531,0.9065,0.0224
1.9536,0.9063,0.0224
1.9541,0.9062,0.0226
1.9544,0.9059,0.0227
1.9549,0.9057,0.0229
1.9553,0.9055,0.0230
1.9557,0.9054,0.0231
1.9560,0.9053,0.0232
1.9563,0.9053,0.0232
1.9564,0.9053,0.0232
1.9566,0.9054,0.0231
1.9566,0.9055,0.0230
1.9564,0.9057,0.0228
1.9561,0.9060,0.0225
1.9560,0.9063,0.0223
1.9558,0.9066,0.0221
1.9555,0.9069,0.0218
1.9556,0.9070,0.0218
1.9557,0.9071,0.0217
1.9558,0.9072,0.0218
1.9560,0.9072,0.0218
1.9564,0.9071,0.0218
1.9568,0.9070,0.0219
1.9574,0.9067,0.0219
1.9580,0.9065,0.0221
1.9584,0.9063,0.0222
1.9589,0.9061,0.0224
1.9592,0.9060,0.0224
1.9595,0.9059,0.0226
1.9597,0.9059,0.0227
1.9598,0.9058,0.0228
1.9598,0.9059,0.0227
1.9598,0.9061,0.0226
1.9596,0.9063,0.0224
1.9594,0.9066,0.0222
1.9591,0.9069,0.0221
1.9591,0.9071,0.0219
1.9589,0.9074,0.0218
1.9589,0.9076,0.0216
1.9589,0.9078,0.0216
1.9590,0.9079,0.0215
1.9593,0.9079,0.0215
1.9598,0.9077,0.0217
1.9603,0.9075,0.0218
1.9608,0.9071,0.0219
1.9612,0.9070,0.0221
1.9616,0.9068,0.0222
1.9619,0.9066,0.0224
1.9623,0.9065,0.0226
1.9625,0.9064,0.0227
1.9628,0.9064,0.0228
1.9629,0.9064,0.0229
1.9628,0.9064,0.0227
1.9629,0.9066,0.0227
1.9627,0.9068,0.0226
1.9625,0.9070,0.0225
1.9625,0.9072,0.0223
1.9623,0.9074,0.0222
1.9623,0.9076,0.0222
1.9623,0.9077,0.0220
1.9625,0.9078,0.0220
1.9626,0.9079,0.0220
1.9629,0.9079,0.0221
1.9632,0.9078,0.0221
1.9636,0.9076,0.0222
1.9639,0.9074,0.0223
1.9643,0.9073,0.0225
1.9647,0.9071,0.0226
1.9652,0.9069,0.0228
1.9656,0.9068,0.0230
1.9658,0.9067,0.0232
1.9659,0.9067,0.0232
1.9659,0.9067,0.0232
1.9658,0.9068,0.0231
1.9656,0.9070,0.0230
1.9655,0.9072,0.0229
1.9654,0.9075,0.0228
1.9652,0.9078,0.0227
1.9652,0.9079,0.0227
1.9652,0.9081,0.0225
1.9652,0.9082,0.0225
1.9654,0.9082,0.0225
1.9655,0.9083,0.0224
1.9658,0.9082,0.0226
1.9661,0.9081,0.0226
1.9666,0.9079,0.0228
1.9670,0.9077,0.0228
1.9674,0.9076,0.0230
1.9677,0.9074,0.0231
1.9681,0.9072,0.0233
1.9685,0.9071,0.0235
1.9688,0.9069,0.0236
1.9690,0.9070,0.0237
1.9690,0.9069,0.0236
1.9690,0.9071,0.0235
1.9689,0.9073,0.0234
1.9687,0.9074,0.0232
1.9685,0.9077,0.0231
1.9684,0.9079,0.0230
1.9682,0.9081,0.0229
1.9683,0.9083,0.0229
1.9683,0.9083,0.0228
1.9685,0.9085,0.0228
1.9687,0.9084,0.0228
1.9689,0.9083,0.0229
1.9694,0.9082,0.0231
1.9698,0.9080,0.0232
1.9702,0.9078,0.0233
1.9707,0.9077,0.0235
1.9711,0.9075,0.0236
1.9714,0.9073,0.0237
1.9718,0.9071,0.0239
1.9722,0.9070,0.0240
1.9723,0.9070,0.0241
1.9722,0.9070,0.0239
1.9722,0.9073,0.0239
1.9720,0.9075,0.0237
1.9718,0.9077,0.0235
1.9715,0.9080,0.0233
1.9713,0.9083,0.0232
1.9714,0.9084,0.0231
1.9713,0.9086,0.0230
1.9714,0.9087,0.0230
1.9717,0.9087,0.0230
1.9719,0.9086,0.0232
1.9723,0.9085,0.0233
1.9727,0.9083,0.0234
1.9732,0.9080,0.0235
1.9737,0.9078,0.0238
1.9740,0.9076,0.0239
1.9744,0.9075,0.0241
1.9749,0.9072,0.0242
1.9752,0.9070,0.0244
1.9755,0.9070,0.0244
1.9756,0.9069,0.0245
1.9757,0.9070,0.0245
1.9753,0.9071,0.0242
1.9751,0.9075,0.0242
1.9747,0.9078,0.0239
1.9746,0.9082,0.0238
1.9746,0.9083,0.0237
1.9746,0.9085,0.0236
1.9745,0.9086,0.0235
1.9746,0.9087,0.0235
1.9748,0.9086,0.0235
1.9752,0.9085,0.0236
1.9756,0.9083,0.0237
1.9760,0.9082,0.0239
1.9764,0.9079,0.0240
1.9768,0.9078,0.0242
1.9773,0.9076,0.0244
1.9778,0.9074,0.0246
1.9781,0.9072,0.0248
1.9784,0.9071,0.0249
1.9785,0.9071,0.0251
1.9786,0.9071,0.0251
1.9785,0.9072,0.0251
1.9783,0.9075,0.0250
1.9782,0.9077,0.0247
1.9780,0.9079,0.0246
1.9778,0.9082,0.0245
1.9777,0.9084,0.0244
1.9777,0.9086,0.0243
1.9778,0.9087,0.0242
1.9778,0.9087,0.0241
1.9780,0.9088,0.0241
1.9784,0.9086,0.0242
1.9787,0.9084,0.0243
1.9792,0.9083,0.0245
1.9796,0.9081,0.0246
1.9800,0.9079,0.0248
1.9806,0.9076,0.0250
1.9810,0.9075,0.0252
1.9813,0.9073,0.0254
1.9817,0.9072,0.0254
1.9818,0.9072,0.0255
1.9820,0.9071,0.0256
1.9819,0.9073,0.0255
1.9818,0.9073,0.0253
1.9816,0.9076,0.0252
1.9813,0.9079,0.0250
1.9811,0.9081,0.0248
1.9811,0.9084,0.0247
1.9809,0.9085,0.0245
1.9808,0.9087,0.0244
1.9809,0.9089,0.0243
1.9812,0.9088,0.0243
1.9814,0.9088,0.0242
1.9819,0.9086,0.0243
1.9825,0.9084,0.0245
1.9828,0.9082,0.0246
1.9833,0.9080,0.0248
1.9839,0.9077,0.0250
1.9843,0.9076,0.0252
1.9848,0.9073,0.0254
1.9851,0.9071,0.0256
1.9852,0.9071,0.0256
1.9855,0.9070,0.0257
1.9854,0.9071,0.0257
1.9853,0.9073,0.0256
1.9849,0.9076,0.0254
1.9846,0.9080,0.0252
1.9843,0.9083,0.0250
1.9840,0.9087,0.0248
1.9841,0.9088,0.0247
1.9841,0.9089,0.0247
1.9843,0.9089,0.0247
1.9846,0.9089,0.0248
1.9848,0.9088,0.0248
1.9852,0.9087,0.0249
1.9856,0.9085,0.0251
1.9861,0.9082,0.0253
1.9864,0.9080,0.0254
1.9868,0.9079,0.0256
1.9873,0.9076,0.0258
1.9876,0.9075,0.0259
1.9879,0.9075,0.0260
1.9881,0.9074,0.0260
1.9879,0.9076,0.0260
1.9877,0.9077,0.0259
1.9877,0.9079,0.0258
1.9875,0.9082,0.0257
1.9873,0.9084,0.0256
1.9871,0.9086,0.0253
1.9870,0.9089,0.0253
1.9870,0.9090,0.0251
1.9870,0.9091,0.0251
1.9871,0.9092,0.0250
1.9873,0.9093,0.0250
1.9876,0.9092,0.0250
1.9879,0.9091,0.0252
1.9884,0.9089,0.0254
1.9888,0.9087,0.0255
1.9893,0.9084,0.0257
1.9897,0.9083,0.0258
1.9900,0.9081,0.0260
1.9904,0.9080,0.0262
1.9906,0.9078,0.0262
1.9908,0.9078,0.0263
1.9908,0.9077,0.0262
1.9908,0.9078,0.0262
1.9906,0.9081,0.0260
1.9904,0.9083,0.0259
1.9903,0.9085,0.0257
1.9899,0.9088,0.0255
1.9899,0.9090,0.0254
1.9899,0.9091,0.0254
1.9900,0.9093,0.0254
1.9902,0.9093,0.0256
1.9905,0.9092,0.0256
1.9908,0.9091,0.0256
1.9913,0.9090,0.0259
1.9918,0.9088,0.0260
1.9922,0.9086,0.0261
1.9926,0.9084,0.0262
1.9928,0.9082,0.0262
1.9932,0.9081,0.0264
1.9936,0.9079,0.0265
1.9938,0.9080,0.0265
1.9939,0.9079,0.0265
1.9939,0.9081,0.0265
1.9938,0.9082,0.0265
1.9935,0.9085,0.0263
1.9934,0.9087,0.0261
1.9933,0.9090,0.0260
1.9931,0.9092,0.0258
1.9931,0.9093,0.0256
1.9932,0.9095,0.0255
1.9934,0.9096,0.0255
1.9935,0.9096,0.0255
1.9938,0.9095,0.0254
1.9944,0.9093,0.0256
1.9949,0.9091,0.0257
1.9953,0.9089,0.0258
1.9956,0.9087,0.0259
1.9961,0.9085,0.0260
1.9965,0.9083,0.0262
1.9967,0.9081,0.0264
1.9971,0.9080,0.0265
1.9972,0.9080,0.0265
1.9974,0.9080,0.0266
1.9972,0.9082,0.0264
1.9971,0.9083,0.0263
1.9969,0.9085,0.0262
1.9968,0.9088,0.0261
1.9967,0.9090,0.0259
1.9966,0.9092,0.0258
1.9965,0.9094,0.0258
1.9966,0.9095,0.0257
1.9969,0.9095,0.0258
1.9970,0.9094,0.0258
1.9974,0.9093,0.0259
1.9978,0.9092,0.0260
1.9982,0.9090,0.0261
1.9986,0.9088,0.0262
1.9990,0.9085,0.0264
1.9994,0.9084,0.0265
1.9998,0.9082,0.0266
2.0001,0.9082,0.0267
2.0002,0.9081,0.0266
2.0004,0.9081,0.0267
2.0003,0.9081,0.0266
2.0002,0.9083,0.0265
2.0000,0.9085,0.0264
1.9998,0.9088,0.0262
1.9997,0.9090,0.0262
1.9996,0.9092,0.0260
1.9995,0.9094,0.0259
1.9996,0.9095,0.0258
1.9997,0.9097,0.0257
1.9999,0.9096,0.0257
2.0004,0.9095,0.0258
2.0008,0.9094,0.0259
2.0012,0.9092,0.0259
2.0015,0.9090,0.0261
2.0021,0.9089,0.0262
2.0024,0.9087,0.0263
2.0028,0.9086,0.0265
2.0030,0.9084,0.0265
2.0034,0.9082,0.0267
2.0036,0.9082,0.0267
2.0035,0.9082,0.0267
2.0035,0.9084,0.0265
2.0034,0.9085,0.0265
2.0032,0.9087,0.0264
2.0029,0.9091,0.0262
2.0028,0.9093,0.0260
2.0028,0.9094,0.0260
2.0028,0.9095,0.0260
2.0029,0.9096,0.0259
2.0031,0.9096,0.0258
2.0035,0.9095,0.0259
2.0039,0.9094,0.0260
2.0043,0.9092,0.0261
2.0048,0.9090,0.0262
2.0052,0.9088,0.0263
2.0055,0.9086,0.0264
2.0059,0.9084,0.0265
2.0063,0.9083,0.0267
2.0067,0.9081,0.0268
2.0068,0.9081,0.0268
2.0069,0.9081,0.0268
2.0068,0.9082,0.0266
2.0066,0.9084,0.0265
2.0064,0.9087,0.0264
2.0064,0.9089,0.0262
2.0063,0.9091,0.0262
2.0061,0.9094,0.0260
2.0061,0.9095,0.0259
2.0061,0.9096,0.0258
2.0062,0.9098,0.0257
2.0065,0.9098,0.0257
2.0067,0.9097,0.0256
2.0072,0.9095,0.0256
2.0076,0.9094,0.0257
2.0083,0.9090,0.0259
2.0087,0.9088,0.0260
2.0091,0.9085,0.0261
2.0095,0.9084,0.0263
2.0099,0.9083,0.0263
2.0100,0.9082,0.0264
2.0102,0.9082,0.0264
2.0102,0.9082,0.0264
2.0103,0.9083,0.0263
2.0102,0.9084,0.0261
2.0101,0.9086,0.0261
2.0100,0.9088,0.0259
2.0098,0.9089,0.0258
2.0097,0.9091,0.0256
2.0096,0.9094,0.0255
2.0096,0.9096,0.0254
2.0096,0.9097,0.0254
2.0097,0.9097,0.0253
2.0099,0.9097,0.0253
2.0104,0.9096,0.0254
2.0107,0.9095,0.0253
2.0112,0.9093,0.0255
2.0117,0.9091,0.0256
2.0122,0.9089,0.0258
2.0126,0.9087,0.0259
2.0130,0.9085,0.0260
2.0134,0.9083,0.0261
2.0138,0.9082,0.0261
2.0139,0.9081,0.0261
2.0138,0.9082,0.0260
2.0139,0.9083,0.0260
2.0138,0.9085,0.0260
2.0136,0.9087,0.0259
2.0134,0.9089,0.0258
2.0133,0.9091,0.0256
2.0133,0.9094,0.0255
2.0133,0.9095,0.0255
2.0134,0.9096,0.0254
2.0134,0.9096,0.0253
2.0136,0.9097,0.0253
2.0138,0.9097,0.0253
2.0142,0.9095,0.0254
2.0145,0.9094,0.0253
2.0150,0.9092,0.0254
2.0154,0.9090,0.0255
2.0158,0.9088,0.0256
2.0161,0.9087,0.0258
2.0164,0.9085,0.0258
2.0167,0.9084,0.0260
2.0169,0.9084,0.0261
2.0170,0.9084,0.0261
2.0169,0.9085,0.0261
2.0171,0.9085,0.0261
2.0170,0.9087,0.0260
2.0169,0.9088,0.0259
2.0169,0.9089,0.0259
2.0170,0.9091,0.0259
2.0170,0.9093,0.0258
2.0168,0.9094,0.0257
2.0169,0.9095,0.0256
2.0171,0.9096,0.0257
2.0171,0.9096,0.0256
2.0174,0.9096,0.0257
2.0175,0.9095,0.0257
2.0178,0.9095,0.0257
2.0181,0.9094,0.0257
2.0185,0.9092,0.0258
2.0188,0.9091,0.0258
2.0190,0.9090,0.0259
2.0193,0.9089,0.0259
2.0195,0.9088,0.0259
2.0196,0.9088,0.0259
2.0197,0.9089,0.0258
2.0197,0.9090,0.0258
2.0197,0.9091,0.0258
2.0198,0.9093,0.0258
2.0197,0.9093,0.0257
2.0199,0.9094,0.0257
2.0199,0.9095,0.0257
2.0201,0.9095,0.0257
2.0201,0.9096,0.0256
2.0203,0.9096,0.0256
2.0203,0.9096,0.0255
2.0206,0.9097,0.0254
2.0208,0.9097,0.0255
2.0209,0.9097,0.0254
2.0212,0.9097,0.0254
2.0213,0.9096,0.0254
2.0215,0.9096,0.0254
2.0216,0.9095,0.0254
2.0219,0.9095,0.0255
2.0220,0.9095,0.0256
2.0220,0.9095,0.0256
2.0223,0.9094,0.0257
2.0224,0.9094,0.0257
2.0224,0.9094,0.0259
2.0224,0.9094,0.0259
2.0225,0.9095,0.0260
2.0225,0.9095,0.0260
2.0226,0.9096,0.0262
2.0228,0.9094,0.0263
2.0228,0.9094,0.0263
2.0230,0.9094,0.0264
2.0233,0.9094,0.0264
2.0234,0.9094,0.0265
2.0235,0.9093,0.0265
2.0238,0.9093,0.0266
2.0239,0.9094,0.0265
2.0240,0.9094,0.0266
2.0240,0.9095,0.0265
2.0242,0.9096,0.0265
2.0244,0.9095,0.0265
2.0244,0.9096,0.0264
2.0246,0.9096,0.0265
2.0247,0.9095,0.0264
2.0249,0.9096,0.0265
2.0251,0.9096,0.0265
2.0251,0.9097,0.0265
2.0252,0.9097,0.0264
2.0254,0.9097,0.0264
2.0255,0.9097,0.0265
2.0257,0.9096,0.0264
2.0260,0.9096,0.0264
2.0262,0.9095,0.0264
2.0262,0.9096,0.0264
2.0265,0.9096,0.0264
2.0266,0.9095,0.0264
2.0268,0.9096,0.0265
2.0269,0.9095,0.0265
2.0271,0.9095,0.0264
2.0272,0.9095,0.0265
2.0273,0.9095,0.0264
2.0276,0.9095,0.0265
2.0277,0.9095,0.0264
2.0277,0.9096,0.0265
2.0279,0.9096,0.0264
2.0279,0.9096,0.0264
2.0280,0.9097,0.0263
2.0283,0.9097,0.0264
2.0284,0.9097,0.0264
2.0285,0.9097,0.0263
2.0288,0.9096,0.0264
2.0289,0.9096,0.0263
2.0291,0.9097,0.0264
2.0292,0.9096,0.0264
2.0294,0.9096,0.0263
2.0297,0.9096,0.0264
2.0298,0.9095,0.0264
2.0299,0.9095,0.0265
2.0300,0.9096,0.0265
2.0301,0.9095,0.0264
2.0303,0.9096,0.0265
2.0304,0.9095,0.0266
2.0304,0.9097,0.0266
2.0305,0.9097,0.0265
2.0305,0.9098,0.0266
2.0306,0.9098,0.0266
2.0308,0.9098,0.0267
2.0308,0.9099,0.0267
2.0309,0.9099,0.0266
2.0311,0.9098,0.0267
2.0313,0.9099,0.0267
2.0314,0.9099,0.0266
2.0315,0.9100,0.0266
2.0316,0.9099,0.0266
2.0317,0.9099,0.0267
2.0318,0.9100,0.0266
2.0318,0.9101,0.0266
2.0320,0.9101,0.0266
2.0321,0.9100,0.0266
2.0323,0.9102,0.0266
2.0324,0.9101,0.0266
2.0325,0.9102,0.0266
2.0328,0.9102,0.0266
2.0329,0.9101,0.0266
2.0330,0.9101,0.0265
2.0333,0.9101,0.0266
2.0334,0.9101,0.0266
2.0334,0.9102,0.0266
2.0335,0.9103,0.0266
2.0335,0.9104,0.0265
2.0337,0.9104,0.0266
2.0339,0.9105,0.0265
2.0340,0.9104,0.0266
2.0341,0.9105,0.0265
2.0343,0.9104,0.0265
2.0345,0.9104,0.0266
2.0345,0.9105,0.0265
2.0348,0.9104,0.0265
2.0349,0.9104,0.0266
2.0351,0.9104,0.0265
2.0352,0.9104,0.0265
2.0353,0.9103,0.0264
2.0356,0.9104,0.0265
2.0357,0.9103,0.0265
2.0358,0.9104,0.0265
2.0359,0.9103,0.0265
2.0361,0.9105,0.0265
2.0362,0.9105,0.0266
2.0363,0.9105,0.0265
2.0364,0.9106,0.0266
2.0366,0.9106,0.0265
2.0367,0.9107,0.0265
2.0368,0.9106,0.0265
2.0368,0.9107,0.0265
2.0370,0.9107,0.0265
2.0371,0.9107,0.0265
2.0373,0.9107,0.0266
2.0374,0.9107,0.0265
2.0374,0.9107,0.0266
2.0376,0.9107,0.0265
2.0377,0.9107,0.0266
2.0379,0.9108,0.0265
2.0381,0.9107,0.0266
2.0382,0.9107,0.0266
2.0384,0.9108,0.0265
2.0384,0.9108,0.0266
2.0386,0.9108,0.0265
2.0388,0.9109,0.0265
2.0390,0.9108,0.0264
2.0390,0.9109,0.0265
2.0393,0.9108,0.0265
2.0394,0.9108,0.0264
2.0396,0.9108,0.0265
2.0398,0.9109,0.0265
2.0399,0.9109,0.0265
2.0399,0.9109,0.0264
2.0401,0.9109,0.0265
2.0403,0.9110,0.0264
2.0404,0.9110,0.0265
2.0405,0.9110,0.0264
2.0406,0.9110,0.0265
2.0408,0.9111,0.0264
2.0409,0.9110,0.0264
2.0411,0.9111,0.0265
2.0411,0.9111,0.0264
2.0413,0.9110,0.0264
2.0416,0.9111,0.0265
2.0416,0.9111,0.0264
2.0417,0.9111,0.0264
2.0418,0.9111,0.0264
2.0419,0.9111,0.0264
2.0421,0.9111,0.0265
2.0423,0.9112,0.0264
2.0424,0.9111,0.0264
2.0426,0.9112,0.0265
2.0426,0.9112,0.0264
2.0427,0.9112,0.0264
2.0428,0.9112,0.0263
2.0429,0.9112,0.0264
2.0430,0.9113,0.0263
2.0431,0.9113,0.0264
2.0433,0.9114,0.0264
2.0434,0.9114,0.0264
2.0436,0.9114,0.0264
2.0439,0.9113,0.0265
2.0440,0.9113,0.0265
2.0441,0.9114,0.0264
2.0442,0.9113,0.0264
2.0445,0.9112,0.0264
2.0446,0.9113,0.0265
2.0448,0.9113,0.0265
2.0450,0.9112,0.0264
2.0451,0.9113,0.0265
2.0452,0.9113,0.0264
2.0455,0.9113,0.0265
2.0456,0.9113,0.0266
2.0457,0.9112,0.0265
2.0459,0.9112,0.0266
2.0460,0.9112,0.0266
2.0461,0.9113,0.0266
2.0461,0.9114,0.0265
2.0464,0.9114,0.0266
2.0465,0.9113,0.0266
2.0468,0.9111,0.0267
2.0469,0.9112,0.0267
2.0468,0.9113,0.0267
2.0469,0.9112,0.0268
2.0472,0.9111,0.0267
2.0473,0.9111,0.0268
2.0475,0.9111,0.0269
2.0477,0.9112,0.0268
2.0478,0.9112,0.0269
2.0478,0.9112,0.0268
2.0481,0.9111,0.0268
2.0483,0.9112,0.0269
2.0483,0.9112,0.0268
2.0486,0.9111,0.0268
2.0488,0.9111,0.0268
2.0488,0.9111,0.0267
2.0489,0.9111,0.0268
2.0493,0.9111,0.0268
2.0494,0.9111,0.0268
2.0497,0.9110,0.0269
2.0498,0.9109,0.0268
2.0500,0.9110,0.0269
2.0502,0.9110,0.0269
2.0503,0.9109,0.0268
2.0506,0.9109,0.0269
2.0507,0.9109,0.0269
2.0509,0.9108,0.0269
2.0512,0.9108,0.0269
2.0512,0.9109,0.0269
2.0514,0.9108,0.0269
2.0516,0.9108,0.0270
2.0518,0.9107,0.0270
2.0521,0.9107,0.0270
2.0521,0.9108,0.0269
2.0524,0.9107,0.0270
2.0526,0.9107,0.0270
2.0527,0.9107,0.0269
2.0530,0.9106,0.0271
2.0531,0.9106,0.0270
2.0533,0.9106,0.0271
2.0533,0.9106,0.0270
2.0536,0.9106,0.0270
2.0538,0.9106,0.0271
2.0538,0.9106,0.0270
2.0541,0.9106,0.0270
2.0543,0.9106,0.0271
2.0543,0.9106,0.0270
2.0545,0.9106,0.0269
2.0546,0.9106,0.0269
2.0548,0.9106,0.0269
2.0549,0.9106,0.0269
2.0551,0.9105,0.0269
2.0553,0.9106,0.0269
2.0554,0.9106,0.0269
2.0557,0.9105,0.0270
2.0559,0.9104,0.0269
2.0562,0.9104,0.0269
2.0565,0.9103,0.0270
2.0565,0.9104,0.0269
2.0568,0.9104,0.0270
2.0569,0.9103,0.0270
2.0572,0.9103,0.0270
2.0574,0.9102,0.0270
2.0574,0.9103,0.0269
2.0577,0.9103,0.0270
2.0578,0.9103,0.0269
2.0579,0.9103,0.0269
2.0581,0.9103,0.0268
2.0582,0.9104,0.0267
2.0583,0.9104,0.0267
2.0586,0.9104,0.0267
2.0589,0.9103,0.0267
2.0592,0.9103,0.0268
2.0595,0.9102,0.0268
2.0598,0.9102,0.0268
2.0601,0.9100,0.0268
2.0604,0.9099,0.0268
2.0604,0.9100,0.0269
2.0606,0.9100,0.0268
2.0608,0.9100,0.0269
2.0609,0.9100,0.0268
2.0609,0.9102,0.0268
2.0610,0.9102,0.0268
2.0611,0.9102,0.0268
2.0613,0.9102,0.0268
2.0614,0.9103,0.0267
2.0615,0.9104,0.0267
2.0617,0.9104,0.0265
2.0622,0.9103,0.0266
2.0623,0.9103,0.0266
2.0626,0.9102,0.0266
2.0629,0.9102,0.0266
2.0631,0.9101,0.0266
2.0634,0.9100,0.0266
2.0635,0.9100,0.0267
2.0636,0.9101,0.0266
2.0637,0.9101,0.0266
2.0638,0.9101,0.0267
2.0640,0.9101,0.0268
2.0640,0.9102,0.0268
2.0640,0.9103,0.0268
2.0641,0.9104,0.0267
2.0641,0.9105,0.0267
2.0644,0.9105,0.0267
2.0644,0.9106,0.0266
2.0644,0.9107,0.0265
2.0647,0.9107,0.0265
2.0649,0.9106,0.0264
2.0652,0.9106,0.0266
2.0655,0.9105,0.0266
2.0656,0.9105,0.0266
2.0659,0.9104,0.0267
2.0660,0.9104,0.0267
2.0663,0.9104,0.0268
2.0665,0.9103,0.0267
2.0666,0.9103,0.0268
2.0669,0.9103,0.0268
2.0670,0.9103,0.0269
2.0669,0.9104,0.0268
2.0671,0.9103,0.0268
2.0670,0.9106,0.0267
2.0671,0.9107,0.0267
2.0671,0.9108,0.0266
2.0669,0.9110,0.0265
2.0670,0.9111,0.0264
2.0669,0.9113,0.0264
2.0670,0.9114,0.0263
2.0672,0.9114,0.0262
2.0674,0.9115,0.0262
2.0676,0.9114,0.0262
2.0679,0.9114,0.0263
2.0683,0.9112,0.0264
2.0687,0.9110,0.0264
2.0691,0.9108,0.0265
2.0694,0.9106,0.0267
2.0697,0.9104,0.0268
2.0699,0.9103,0.0269
2.0701,0.9103,0.0270
2.0702,0.9103,0.0270
2.0702,0.9104,0.0270
2.0701,0.9105,0.0270
2.0702,0.9107,0.0270
2.0701,0.9108,0.0269
2.0701,0.9110,0.0269
2.0699,0.9112,0.0268
2.0697,0.9114,0.0267
2.0697,0.9115,0.0267
2.0699,0.9116,0.0266
2.0700,0.9117,0.0266
2.0703,0.9117,0.0266
2.0705,0.9116,0.0265
2.0709,0.9115,0.0266
2.0712,0.9114,0.0267
2.0717,0.9113,0.0268
2.0720,0.9112,0.0268
2.0724,0.9110,0.0269
2.0726,0.9109,0.0270
2.0730,0.9107,0.0271
2.0733,0.9106,0.0271
2.0735,0.9105,0.0272
2.0736,0.9106,0.0271
2.0737,0.9106,0.0272
2.0736,0.9107,0.0272
2.0735,0.9107,0.0271
2.0732,0.9107,0.0267
2.0728,0.9108,0.0265
2.0727,0.9107,0.0262
2.0725,0.9106,0.0259
2.0724,0.9105,0.0257
2.0724,0.9104,0.0255
2.0723,0.9102,0.0252
2.0726,0.9098,0.0250
2.0728,0.9095,0.0250
2.0732,0.9091,0.0249
2.0735,0.9087,0.0250
2.0739,0.9082,0.0250
2.0742,0.9078,0.0251
2.0744,0.9073,0.0251
2.0746,0.9070,0.0250
2.0748,0.9069,0.0249
2.0750,0.9068,0.0248
2.0752,0.9064,0.0247
2.0754,0.9060,0.0247
2.0751,0.9058,0.0245
2.0746,0.9059,0.0242
2.0743,0.9060,0.0239
2.0740,0.9060,0.0237
2.0738,0.9060,0.0235
2.0737,0.9059,0.0232
2.0735,0.9059,0.0229
2.0734,0.9058,0.0227
2.0735,0.9055,0.0226
2.0738,0.9053,0.0225
2.0740,0.9051,0.0223
2.0743,0.9047,0.0223
2.0747,0.9042,0.0223
2.0750,0.9039,0.0224
2.0753,0.9035,0.0224
2.0757,0.9032,0.0225
2.0759,0.9029,0.0225
2.0762,0.9025,0.0225
2.0763,0.9023,0.0223
2.0764,0.9021,0.0222
2.0764,0.9017,0.0221
2.0762,0.9016,0.0220
2.0758,0.9016,0.0218
2.0754,0.9017,0.0217
2.0749,0.9018,0.0215
2.0745,0.9019,0.0212
2.0743,0.9020,0.0211
2.0743,0.9020,0.0208
2.0743,0.9019,0.0207
2.0744,0.9017,0.0206
2.0745,0.9015,0.0205
2.0749,0.9012,0.0205
2.0753,0.9008,0.0205
2.0756,0.9004,0.0206
2.0759,0.9000,0.0207
2.0761,0.8997,0.0207
2.0763,0.8993,0.0207
2.0768,0.8991,0.0207
2.0772,0.8989,0.0206
2.0773,0.8986,0.0205
2.0774,0.8983,0.0204
2.0772,0.8982,0.0203
2.0768,0.8982,0.0202
2.0762,0.8984,0.0199
2.0756,0.8987,0.0196
2.0751,0.8990,0.0195
2.0749,0.8991,0.0192
2.0747,0.8992,0.0190
2.0745,0.8992,0.0188
2.0745,0.8991,0.0186
2.0746,0.8989,0.0186
2.0747,0.8987,0.0186
2.0750,0.8984,0.0186
2.0752,0.8981,0.0186
2.0756,0.8979,0.0187
2.0757,0.8976,0.0188
2.0760,0.8972,0.0189
2.0762,0.8969,0.0190
2.0765,0.8966,0.0190
2.0765,0.8963,0.0191
2.0766,0.8962,0.0190
2.0765,0.8961,0.0189
2.0761,0.8962,0.0188
2.0758,0.8962,0.0187
2.0755,0.8963,0.0185
2.0750,0.8965,0.0183
2.0746,0.8967,0.0180
2.0744,0.8968,0.0178
2.0743,0.8968,0.0176
2.0743,0.8967,0.0175
2.0744,0.8967,0.0174
2.0741,0.8967,0.0172
2.0743,0.8967,0.0172
2.0746,0.8965,0.0172
2.0749,0.8962,0.0173
2.0750,0.8960,0.0173
2.0754,0.8958,0.0174
2.0757,0.8954,0.0175
2.0759,0.8950,0.0175
2.0761,0.8948,0.0176
2.0762,0.8945,0.0176
2.0762,0.8942,0.0176
2.0762,0.8941,0.0176
2.0758,0.8941,0.0175
2.0755,0.8942,0.0173
2.0751,0.8943,0.0172
2.0749,0.8944,0.0172
2.0745,0.8945,0.0170
2.0745,0.8947,0.0168
2.0742,0.8947,0.0166
2.0742,0.8947,0.0166
2.0742,0.8946,0.0165
2.0743,0.8946,0.0165
2.0745,0.8944,0.0164
2.0746,0.8943,0.0165
2.0750,0.8940,0.0166
2.0751,0.8939,0.0166
2.0754,0.8936,0.0167
2.0756,0.8932,0.0167
2.0758,0.8929,0.0168
2.0759,0.8928,0.0166
2.0761,0.8926,0.0166
2.0764,0.8923,0.0166
2.0763,0.8923,0.0166
2.0760,0.8924,0.0164
2.0757,0.8924,0.0163
2.0753,0.8925,0.0161
2.0751,0.8926,0.0160
2.0749,0.8927,0.0158
2.0746,0.8928,0.0157
2.0746,0.8929,0.0155
2.0746,0.8929,0.0155
2.0745,0.8929,0.0154
2.0746,0.8928,0.0154
2.0748,0.8927,0.0153
2.0748,0.8926,0.0154
2.0752,0.8923,0.0154
2.0755,0.8920,0.0156
2.0757,0.8917,0.0156
2.0759,0.8915,0.0158
2.0762,0.8913,0.0158
2.0763,0.8911,0.0157
2.0765,0.8910,0.0157
2.0764,0.8909,0.0156
2.0763,0.8909,0.0155
2.0761,0.8909,0.0153
2.0758,0.8910,0.0152
2.0754,0.8912,0.0150
2.0751,0.8913,0.0149
2.0751,0.8914,0.0147
2.0748,0.8915,0.0145
2.0748,0.8916,0.0144
2.0747,0.8917,0.0143
2.0748,0.8916,0.0143
2.0748,0.8916,0.0142
2.0751,0.8914,0.0143
2.0753,0.8913,0.0143
2.0757,0.8910,0.0145
2.0758,0.8907,0.0146
2.0761,0.8906,0.0146
2.0763,0.8903,0.0147
2.0767,0.8900,0.0148
2.0768,0.8898,0.0148
2.0769,0.8897,0.0147
2.0768,0.8897,0.0147
2.0765,0.8896,0.0146
2.0763,0.8897,0.0145
2.0760,0.8898,0.0143
2.0756,0.8901,0.0141
2.0754,0.8902,0.0140
2.0752,0.8902,0.0138
2.0751,0.8904,0.0138
2.0751,0.8903,0.0137
2.0751,0.8903,0.0137
2.0753,0.8902,0.0136
2.0753,0.8902,0.0136
2.0755,0.8901,0.0137
2.0759,0.8898,0.0138
2.0761,0.8896,0.0139
2.0764,0.8894,0.0140
2.0765,0.8892,0.0141
2.0769,0.8890,0.0141
2.0769,0.8889,0.0142
2.0771,0.8888,0.0142
2.0772,0.8887,0.0141
2.0773,0.8886,0.0140
2.0771,0.8885,0.0140
2.0768,0.8886,0.0137
2.0766,0.8887,0.0136
2.0763,0.8889,0.0135
2.0761,0.8890,0.0134
2.0759,0.8891,0.0133
2.0758,0.8892,0.0131
2.0757,0.8893,0.0130
2.0757,0.8893,0.0130
2.0758,0.8893,0.0130
2.0760,0.8892,0.0131
2.0762,0.8890,0.0131
2.0766,0.8888,0.0133
2.0769,0.8885,0.0133
2.0772,0.8883,0.0134
2.0774,0.8881,0.0135
2.0777,0.8878,0.0135
2.0778,0.8876,0.0135
2.0780,0.8874,0.0136
2.0780,0.8872,0.0135
2.0779,0.8872,0.0135
2.0776,0.8873,0.0133
2.0774,0.8874,0.0132
2.0772,0.8875,0.0130
2.0770,0.8876,0.0129
2.0766,0.8879,0.0127
2.0763,0.8881,0.0125
2.0763,0.8882,0.0123
2.0762,0.8882,0.0122
2.0761,0.8883,0.0120
2.0763,0.8882,0.0120
2.0764,0.8882,0.0120
2.0766,0.8880,0.0120
2.0769,0.8879,0.0122
2.0771,0.8878,0.0123
2.0774,0.8875,0.0124
2.0778,0.8872,0.0125
2.0780,0.8871,0.0125
2.0782,0.8868,0.0126
2.0783,0.8866,0.0126
2.0785,0.8865,0.0127
2.0784,0.8864,0.0128
2.0782,0.8864,0.0127
2.0780,0.8866,0.0126
2.0779,0.8866,0.0125
2.0778,0.8867,0.0125
2.0775,0.8868,0.0124
2.0773,0.8869,0.0123
2.0772,0.8870,0.0121
2.0771,0.8870,0.0120
2.0770,0.8871,0.0120
2.0771,0.8870,0.0119
2.0772,0.8868,0.0120
2.0774,0.8867,0.0121
2.0776,0.8865,0.0121
2.0779,0.8863,0.0122
2.0783,0.8860,0.0123
2.0786,0.8858,0.0124
2.0789,0.8856,0.0124
2.0790,0.8857,0.0122
2.0791,0.8861,0.0120
2.0794,0.8864,0.0118
2.0798,0.8867,0.0118
2.0802,0.8866,0.0117
2.0803,0.8867,0.0114
2.0804,0.8867,0.0111
2.0802,0.8870,0.0107
2.0803,0.8872,0.0104
2.0801,0.8875,0.0099
2.0797,0.8880,0.0096
2.0793,0.8884,0.0094
2.0790,0.8890,0.0091
2.0786,0.8895,0.0090
2.0784,0.8899,0.0089
2.0786,0.8900,0.0089
2.0789,0.8899,0.0090
2.0793,0.8898,0.0090
2.0797,0.8898,0.0093
2.0800,0.8900,0.0095
2.0803,0.8903,0.0097
2.0806,0.8907,0.0098
2.0809,0.8909,0.0099
2.0814,0.8911,0.0101
2.0819,0.8912,0.0101
2.0823,0.8908,0.0101
2.0826,0.8903,0.0103
2.0825,0.8901,0.0104
2.0824,0.8900,0.0106
2.0823,0.8897,0.0107
2.0820,0.8896,0.0110
2.0817,0.8895,0.0110
2.0814,0.8894,0.0109
2.0815,0.8894,0.0110
2.0819,0.8893,0.0110
2.0814,0.8894,0.0099
2.0806,0.8902,0.0085
2.0812,0.8911,0.0081
2.0827,0.8916,0.0080
2.0841,0.8914,0.0073
2.0854,0.8911,0.0066
2.0868,0.8911,0.0061
2.0882,0.8912,0.0059
2.0898,0.8908,0.0056
2.0914,0.8903,0.0055
2.0930,0.8898,0.0053
2.0945,0.8896,0.0054
2.0958,0.8894,0.0055
2.0974,0.8891,0.0059
2.0985,0.8884,0.0061
2.0996,0.8877,0.0064
2.1001,0.8873,0.0065
2.1005,0.8872,0.0068
2.1009,0.8870,0.0073
2.1009,0.8871,0.0073
2.1006,0.8874,0.0074
2.1002,0.8877,0.0073
2.1002,0.8879,0.0075
2.0999,0.8878,0.0075
2.0999,0.8875,0.0075
2.0999,0.8873,0.0077
2.0997,0.8872,0.0077
2.0995,0.8872,0.0077
2.0993,0.8871,0.0075
2.0993,0.8872,0.0075
2.0996,0.8873,0.0076
2.0999,0.8872,0.0075
2.1004,0.8869,0.0077
2.1007,0.8867,0.0079
2.1008,0.8866,0.0080
2.1005,0.8869,0.0081
2.1001,0.8875,0.0081
2.0995,0.8882,0.0081
2.0988,0.8889,0.0080
2.0982,0.8898,0.0079
2.0978,0.8903,0.0078
2.0976,0.8908,0.0078
2.0975,0.8909,0.0078
2.0972,0.8910,0.0077
2.0973,0.8912,0.0077
2.0972,0.8914,0.0078
2.0972,0.8914,0.0078
2.0973,0.8912,0.0077
2.0972,0.8910,0.0077
2.0974,0.8909,0.0077
2.0975,0.8908,0.0077
2.0975,0.8908,0.0077
2.0975,0.8908,0.0077
2.0972,0.8909,0.0077
2.0971,0.8910,0.0077
2.0968,0.8912,0.0078
2.0965,0.8913,0.0078
2.0963,0.8914,0.0079
2.0961,0.8915,0.0080
2.0959,0.8914,0.0080
2.0957,0.8912,0.0081
2.0955,0.8909,0.0082
2.0954,0.8904,0.0084
2.0953,0.8899,0.0085
2.0951,0.8897,0.0086
2.0952,0.8897,0.0087
2.0953,0.8895,0.0087
2.0957,0.8892,0.0086
2.0958,0.8887,0.0085
2.0961,0.8887,0.0084
2.0963,0.8890,0.0083
2.0965,0.8892,0.0083
2.0965,0.8894,0.0082
2.0963,0.8897,0.0081
2.0961,0.8900,0.0081
2.0958,0.8903,0.0082
2.0957,0.8905,0.0082
2.0957,0.8905,0.0082
2.0955,0.8906,0.0081
2.0956,0.8907,0.0083
2.0956,0.8907,0.0083
2.0955,0.8906,0.0083
2.0957,0.8904,0.0082
2.0956,0.8904,0.0083
2.0955,0.8905,0.0084
2.0953,0.8905,0.0083
2.0952,0.8902,0.0083
2.0952,0.8901,0.0083
2.0951,0.8901,0.0082
2.0952,0.8901,0.0083
2.0952,0.8901,0.0083
2.0953,0.8900,0.0084
2.0953,0.8899,0.0084
2.0952,0.8898,0.0084
2.0952,0.8897,0.0085
2.0951,0.8894,0.0085
2.0951,0.8893,0.0086
2.0950,0.8890,0.0086
2.0950,0.8888,0.0086
2.0951,0.8886,0.0085
2.0951,0.8881,0.0085
2.0949,0.8883,0.0085
2.0943,0.8885,0.0084
2.0942,0.8877,0.0083
2.0941,0.8874,0.0084
2.0940,0.8876,0.0085
2.0938,0.8876,0.0085
2.0939,0.8873,0.0084
2.0942,0.8867,0.0084
2.0943,0.8866,0.0083
2.0943,0.8867,0.0082
2.0944,0.8865,0.0081
2.0946,0.8863,0.0082
2.0945,0.8864,0.0081
2.0943,0.8867,0.0081
2.0942,0.8868,0.0082
2.0942,0.8869,0.0083
2.0940,0.8870,0.0083
2.0939,0.8868,0.0084
2.0939,0.8863,0.0085
2.0938,0.8859,0.0087
2.0938,0.8856,0.0088
2.0939,0.8849,0.0091
2.0937,0.8843,0.0092
2.0926,0.8843,0.0091
2.0920,0.8838,0.0094
2.0917,0.8821,0.0101
2.0910,0.8805,0.0102
2.0894,0.8804,0.0100
2.0875,0.8822,0.0098
2.0868,0.8830,0.0106
2.0867,0.8813,0.0114
2.0855,0.8794,0.0115
2.0830,0.8796,0.0112
2.0807,0.8811,0.0117
2.0794,0.8818,0.0130
2.0780,0.8816,0.0140
2.0756,0.8814,0.0142
2.0728,0.8820,0.0144
2.0703,0.8827,0.0148
2.0677,0.8843,0.0151
2.0645,0.8871,0.0154
2.0613,0.8910,0.0157
2.0582,0.8956,0.0161
2.0546,0.9005,0.0163
2.0506,0.9058,0.0167
2.0460,0.9118,0.0175
2.0406,0.9182,0.0181
2.0348,0.9245,0.0190
2.0286,0.9304,0.0197
2.0224,0.9357,0.0209
2.0160,0.9411,0.0222
2.0086,0.9480,0.0235
2.0004,0.9568,0.0250
1.9915,0.9661,0.0267
1.9825,0.9752,0.0284
1.9733,0.9838,0.0298
1.9637,0.9922,0.0309
1.9538,1.0014,0.0318
1.9429,1.0121,0.0318
1.9325,1.0235,0.0319
1.9236,1.0344,0.0322
1.9155,1.0449,0.0323
1.9083,1.0544,0.0324
1.9016,1.0637,0.0324
1.8948,1.0731,0.0324
1.8877,1.0827,0.0320
1.8810,1.0916,0.0317
1.8755,1.0984,0.0318
1.8716,1.1025,0.0323
1.8691,1.1039,0.0329
1.8673,1.1038,0.0335
1.8657,1.1029,0.0338
1.8642,1.1013,0.0340
1.8631,1.0989,0.0342
1.8617,1.0970,0.0342
1.8599,1.0961,0.0342
1.8577,1.0958,0.0342
1.8557,1.0951,0.0344
1.8539,1.0935,0.0348
1.8522,1.0912,0.0355
1.8504,1.0886,0.0363
1.8476,1.0866,0.0370
1.8438,1.0858,0.0377
1.8390,1.0862,0.0384
1.8332,1.0879,0.0393
1.8268,1.0906,0.0405
1.8198,1.0942,0.0421
1.8119,1.0996,0.0437
1.8034,1.1068,0.0454
1.7950,1.1147,0.0474
1.7869,1.1225,0.0495
1.7796,1.1294,0.0518
1.7732,1.1345,0.0542
1.7680,1.1378,0.0564
1.7638,1.1395,0.0587
1.7601,1.1414,0.0607
1.7564,1.1456,0.0623
1.7523,1.1543,0.0633
1.7464,1.1710,0.0638
1.7383,1.1989,0.0641
1.7266,1.2417,0.0641
1.7112,1.2979,0.0641
1.6943,1.3608,0.0651
1.6951,1.3639,0.0666
1.6934,1.3709,0.0662
1.6879,1.3791,0.0619
1.6888,1.3759,0.0606
1.6894,1.3748,0.0599
1.6882,1.3764,0.0578
1.6878,1.3779,0.0568
1.6877,1.3774,0.0554
1.6880,1.3767,0.0543
1.6879,1.3760,0.0532
1.6884,1.3750,0.0527
1.6901,1.3735,0.0541
1.6922,1.3722,0.0558
1.6924,1.3722,0.0560
1.6935,1.3718,0.0573
1.6952,1.3712,0.0597
1.6973,1.3701,0.0625
1.6989,1.3688,0.0655
1.7000,1.3668,0.0684
1.6996,1.3647,0.0706
1.6984,1.3629,0.0729
1.6966,1.3615,0.0750
1.6944,1.3604,0.0769
1.6922,1.3596,0.0787
1.6901,1.3590,0.0806
1.6884,1.3585,0.0827
1.6870,1.3583,0.0849
1.6859,1.3578,0.0875
1.6852,1.3571,0.0906
1.6843,1.3567,0.0937
1.6834,1.3561,0.0969
1.6818,1.3556,0.0996
1.6800,1.3553,0.1022
1.6780,1.3550,0.1047
1.6760,1.3549,0.1073
1.6737,1.3550,0.1096
1.6709,1.3556,0.1108
1.6676,1.3565,0.1107
1.6632,1.3587,0.1088
1.6592,1.3609,0.1067
1.6582,1.3629,0.1066
1.6580,1.3641,0.1067
1.6574,1.3654,0.1060
1.6566,1.3663,0.1047
1.6558,1.3670,0.1033
1.6552,1.3674,0.1020
1.6545,1.3680,0.1003
1.6540,1.3683,0.0988
1.6534,1.3686,0.0971
1.6526,1.3688,0.0952
1.6522,1.3689,0.0935
1.6516,1.3690,0.0917
1.6512,1.3691,0.0900
1.6506,1.3691,0.0882
1.6501,1.3691,0.0864
1.6495,1.3689,0.0847
1.6490,1.3687,0.0831
1.6486,1.3684,0.0816
1.6480,1.3681,0.0801
1.6475,1.3678,0.0788
1.6471,1.3673,0.0777
1.6465,1.3669,0.0766
1.6460,1.3664,0.0757
1.6456,1.3660,0.0750
1.6451,1.3654,0.0744
1.6445,1.3652,0.0738
1.6440,1.3651,0.0733
1.6436,1.3649,0.0729
1.6431,1.3648,0.0724
1.6426,1.3647,0.0719
1.6421,1.3646,0.0713
1.6415,1.3646,0.0708
1.6410,1.3645,0.0703
1.6406,1.3644,0.0698
1.6403,1.3642,0.0695
1.6398,1.3641,0.0690
1.6394,1.3640,0.0686
1.6389,1.3639,0.0681
1.6385,1.3638,0.0676
1.6380,1.3637,0.0671
1.6375,1.3636,0.0666
1.6371,1.3635,0.0663
1.6366,1.3634,0.0657
1.6361,1.3633,0.0652
1.6357,1.3632,0.0648
1.6352,1.3631,0.0644
1.6349,1.3631,0.0639
1.6345,1.3629,0.0636
1.6341,1.3628,0.0631
1.6338,1.3627,0.0628
1.6333,1.3625,0.0624
1.6330,1.3624,0.0620
1.6326,1.3623,0.0616
1.6323,1.3622,0.0612
1.6318,1.3621,0.0608
1.6314,1.3621,0.0604
1.6310,1.3619,0.0600
1.6307,1.3619,0.0596
1.6303,1.3617,0.0593
1.6299,1.3616,0.0589
1.6296,1.3615,0.0586
1.6292,1.3615,0.0581
1.6289,1.3613,0.0579
1.6287,1.3613,0.0576
1.6284,1.3611,0.0574
1.6282,1.3611,0.0571
1.6278,1.3611,0.0567
1.6275,1.3610,0.0563
1.6271,1.3608,0.0559
1.6267,1.3607,0.0556
1.6263,1.3606,0.0552
1.6260,1.3605,0.0549
1.6256,1.3605,0.0545
1.6254,1.3605,0.0541
1.6250,1.3604,0.0538
1.6246,1.3604,0.0535
1.6245,1.3603,0.0533
1.6241,1.3601,0.0529
1.6240,1.3600,0.0528
1.6236,1.3600,0.0524
1.6234,1.3598,0.0521
1.6231,1.3598,0.0518
1.6229,1.3598,0.0516
1.6225,1.3598,0.0513
1.6223,1.3597,0.0510
1.6220,1.3595,0.0508
1.6218,1.3596,0.0505
1.6215,1.3594,0.0502
1.6213,1.3592,0.0500
1.6210,1.3591,0.0497
1.6208,1.3590,0.0494
1.6205,1.3590,0.0492
1.6202,1.3589,0.0489
1.6201,1.3588,0.0486
1.6197,1.3587,0.0484
1.6194,1.3585,0.0481
1.6192,1.3585,0.0478
1.6189,1.3583,0.0475
1.6187,1.3582,0.0473
1.6183,1.3581,0.0469
1.6180,1.3579,0.0467
1.6177,1.3578,0.0463
1.6174,1.3577,0.0460
1.6171,1.3574,0.0457
1.6168,1.3574,0.0453
1.6164,1.3572,0.0449
1.6161,1.3570,0.0447
1.6157,1.3568,0.0443
1.6154,1.3567,0.0440
1.6151,1.3565,0.0436
1.6147,1.3564,0.0433
1.6145,1.3562,0.0430
1.6143,1.3561,0.0428
1.6141,1.3559,0.0426
1.6138,1.3558,0.0423
1.6134,1.3555,0.0419
1.6132,1.3553,0.0417
1.6128,1.3551,0.0413
1.6125,1.3550,0.0411
1.6124,1.3549,0.0408
1.6120,1.3548,0.0405
1.6118,1.3547,0.0403
1.6115,1.3546,0.0400
1.6113,1.3547,0.0398
1.6110,1.3545,0.0395
1.6107,1.3544,0.0391
1.6104,1.3542,0.0389
1.6101,1.3539,0.0386
1.6098,1.3538,0.0382
1.6096,1.3538,0.0381
1.6095,1.3538,0.0379
1.6094,1.3537,0.0378
1.6091,1.3536,0.0376
1.6089,1.3535,0.0373
1.6088,1.3534,0.0372
1.6085,1.3532,0.0370
1.6084,1.3531,0.0368
1.6081,1.3530,0.0365
1.6080,1.3530,0.0363
1.6077,1.3529,0.0362
1.6076,1.3528,0.0360
1.6075,1.3528,0.0358
1.6072,1.3527,0.0356
1.6070,1.3526,0.0354
1.6069,1.3524,0.0352
1.6067,1.3523,0.0351
1.6065,1.3522,0.0348
1.6062,1.3522,0.0346
1.6061,1.3520,0.0344
1.6058,1.3520,0.0343
1.6058,1.3521,0.0342
1.6057,1.3520,0.0341
1.6056,1.3518,0.0339
1.6052,1.3517,0.0336
1.6051,1.3516,0.0334
1.6049,1.3515,0.0333
1.6047,1.3515,0.0331
1.6046,1.3514,0.0330
1.6046,1.3514,0.0328
1.6043,1.3514,0.0327
1.6042,1.3513,0.0325
1.6041,1.3512,0.0324
1.6038,1.3512,0.0322
1.6037,1.3511,0.0320
1.6035,1.3511,0.0318
1.6034,1.3512,0.0317
1.6032,1.3513,0.0315
1.6031,1.3513,0.0314
1.6030,1.3515,0.0313
1.6029,1.3514,0.0312
1.6027,1.3513,0.0310
1.6027,1.3514,0.0309
1.6023,1.3521,0.0307
1.6020,1.3530,0.0305
1.6017,1.3535,0.0307
1.6012,1.3540,0.0308
1.6008,1.3541,0.0313
1.6005,1.3540,0.0320
1.6003,1.3535,0.0329
1.6004,1.3527,0.0340
1.6006,1.3518,0.0352
1.6007,1.3512,0.0361
1.6005,1.3508,0.0365
1.6002,1.3508,0.0368
1.5998,1.3507,0.0371
1.5994,1.3507,0.0374
1.5995,1.3505,0.0381
1.5994,1.3505,0.0386
1.5993,1.3507,0.0387
1.5990,1.3510,0.0385
1.5988,1.3511,0.0383
1.5987,1.3512,0.0381
1.5986,1.3513,0.0380
1.5984,1.3515,0.0378
1.5982,1.3517,0.0376
1.5981,1.3521,0.0375
1.5980,1.3524,0.0374
1.5980,1.3531,0.0373
1.5980,1.3539,0.0372
1.5978,1.3546,0.0371
1.5978,1.3555,0.0371
1.5978,1.3563,0.0370
1.5978,1.3571,0.0369
1.5979,1.3577,0.0370
1.5978,1.3582,0.0369
1.5978,1.3586,0.0368
1.5977,1.3589,0.0367
1.5976,1.3594,0.0366
1.5975,1.3602,0.0365
1.5976,1.3607,0.0365
1.5974,1.3612,0.0363
1.5973,1.3618,0.0362
1.5973,1.3623,0.0361
1.5971,1.3628,0.0360
1.5971,1.3632,0.0358
1.5968,1.3635,0.0356
1.5968,1.3638,0.0355
1.5967,1.3640,0.0354
1.5965,1.3643,0.0352
1.5964,1.3645,0.0351
1.5964,1.3648,0.0351
1.5962,1.3650,0.0349
1.5961,1.3651,0.0348
1.5960,1.3653,0.0347
1.5959,1.3657,0.0346
1.5958,1.3659,0.0345
1.5957,1.3659,0.0344
1.5955,1.3660,0.0341
1.5955,1.3659,0.0341
1.5954,1.3660,0.0340
1.5951,1.3661,0.0337
1.5949,1.3661,0.0336
1.5948,1.3662,0.0335
1.5947,1.3664,0.0333
1.5946,1.3665,0.0332
1.5944,1.3664,0.0331
1.5943,1.3663,0.0329
1.5942,1.3662,0.0328
1.5940,1.3660,0.0327
1.5939,1.3659,0.0326
1.5939,1.3659,0.0325
1.5937,1.3660,0.0323
1.5936,1.3661,0.0322
1.5934,1.3662,0.0321
1.5935,1.3664,0.0321
1.5934,1.3665,0.0319
1.5932,1.3668,0.0318
1.5931,1.3670,0.0316
1.5931,1.3671,0.0316
1.5930,1.3672,0.0315
1.5927,1.3673,0.0313
1.5926,1.3674,0.0312
1.5925,1.3674,0.0311
1.5924,1.3673,0.0309
1.5922,1.3671,0.0308
1.5922,1.3671,0.0308
1.5920,1.3671,0.0306
1.5919,1.3670,0.0305
1.5917,1.3668,0.0303
1.5917,1.3668,0.0303
1.5916,1.3667,0.0301
1.5915,1.3666,0.0300
1.5913,1.3665,0.0299
1.5912,1.3666,0.0298
1.5911,1.3665,0.0297
1.5910,1.3666,0.0295
1.5909,1.3668,0.0294
1.5909,1.3667,0.0294
1.5906,1.3668,0.0292
1.5906,1.3667,0.0291
1.5904,1.3668,0.0290
1.5904,1.3667,0.0289
1.5903,1.3667,0.0288
1.5901,1.3667,0.0287
1.5901,1.3667,0.0287
1.5900,1.3667,0.0285
1.5898,1.3667,0.0283
1.5896,1.3666,0.0282
1.5896,1.3665,0.0281
1.5895,1.3664,0.0280
1.5894,1.3663,0.0279
1.5892,1.3663,0.0278
1.5891,1.3663,0.0277
1.5890,1.3662,0.0275
1.5890,1.3662,0.0275
1.5889,1.3661,0.0274
1.5889,1.3661,0.0274
1.5886,1.3661,0.0272
1.5886,1.3661,0.0272
1.5885,1.3660,0.0271
1.5883,1.3659,0.0269
1.5883,1.3659,0.0269
1.5882,1.3660,0.0267
1.5881,1.3659,0.0267
1.5880,1.3659,0.0266
1.5880,1.3660,0.0265
1.5878,1.3660,0.0264
1.5878,1.3660,0.0263
1.5878,1.3660,0.0263
1.5876,1.3659,0.0261
1.5876,1.3659,0.0261
1.5874,1.3659,0.0260
1.5874,1.3658,0.0259
1.5872,1.3658,0.0258
1.5871,1.3659,0.0257
1.5871,1.3659,0.0257
1.5869,1.3659,0.0255
1.5869,1.3659,0.0255
1.5869,1.3659,0.0254
1.5868,1.3658,0.0253
1.5866,1.3657,0.0252
1.5866,1.3657,0.0252
1.5864,1.3656,0.0250
1.5864,1.3656,0.0250
1.5863,1.3655,0.0249
1.5863,1.3655,0.0248
1.5861,1.3654,0.0247
1.5861,1.3654,0.0247
1.5860,1.3653,0.0246
1.5860,1.3653,0.0245
1.5858,1.3653,0.0245
1.5857,1.3653,0.0243
1.5857,1.3653,0.0243
1.5856,1.3652,0.0241
1.5855,1.3653,0.0241
1.5855,1.3653,0.0241
1.5854,1.3652,0.0240
1.5854,1.3652,0.0239
1.5852,1.3651,0.0238
1.5852,1.3651,0.0237
1.5851,1.3650,0.0237
1.5851,1.3650,0.0237
1.5850,1.3649,0.0235
1.5850,1.3648,0.0235
1.5848,1.3647,0.0235
1.5848,1.3647,0.0234
1.5848,1.3647,0.0234
1.5846,1.3648,0.0232
1.5846,1.3647,0.0232
1.5846,1.3648,0.0231
1.5844,1.3647,0.0231
1.5843,1.3647,0.0229
1.5842,1.3647,0.0229
1.5843,1.3645,0.0229
1.5842,1.3644,0.0228
1.5842,1.3644,0.0228
1.5840,1.3643,0.0226
1.5840,1.3643,0.0226
1.5840,1.3643,0.0226
1.5839,1.3642,0.0225
1.5838,1.3643,0.0225
1.5838,1.3643,0.0224
1.5838,1.3643,0.0224
1.5837,1.3642,0.0223
1.5836,1.3643,0.0222
1.5836,1.3644,0.0222
1.5834,1.3643,0.0220
1.5834,1.3643,0.0220
1.5834,1.3642,0.0220
1.5833,1.3641,0.0219
1.5833,1.3641,0.0219
1.5833,1.3641,0.0219
1.5832,1.3640,0.0218
1.5832,1.3640,0.0217
1.5830,1.3640,0.0217
1.5829,1.3640,0.0216
1.5829,1.3639,0.0215
1.5829,1.3639,0.0215
1.5829,1.3637,0.0215
1.5829,1.3637,0.0215
1.5829,1.3637,0.0215
1.5827,1.3636,0.0214
1.5826,1.3638,0.0213
1.5826,1.3638,0.0213
1.5826,1.3638,0.0213
1.5825,1.3637,0.0211
1.5825,1.3637,0.0211
1.5825,1.3636,0.0211
1.5824,1.3637,0.0210
1.5823,1.3636,0.0209
1.5823,1.3637,0.0209
1.5823,1.3637,0.0209
1.5823,1.3636,0.0208
1.5821,1.3636,0.0208
1.5821,1.3636,0.0208
1.5820,1.3635,0.0207
1.5820,1.3635,0.0207
1.5820,1.3634,0.0206
1.5819,1.3633,0.0205
1.5819,1.3633,0.0205
1.5817,1.3632,0.0204
1.5817,1.3632,0.0204
1.5817,1.3632,0.0204
1.5816,1.3631,0.0203
1.5816,1.3631,0.0202
1.5816,1.3631,0.0202
1.5816,1.3629,0.0202
1.5816,1.3628,0.0202
1.5814,1.3628,0.0201
1.5814,1.3627,0.0201
1.5814,1.3626,0.0201
1.5813,1.3626,0.0200
1.5813,1.3626,0.0200
1.5813,1.3625,0.0199
1.5812,1.3627,0.0198
1.5812,1.3627,0.0198
1.5811,1.3625,0.0198
1.5810,1.3624,0.0198
1.5810,1.3623,0.0197
1.5809,1.3622,0.0196
1.5810,1.3621,0.0196
1.5810,1.3621,0.0196
1.5808,1.3620,0.0195
1.5808,1.3619,0.0195
1.5807,1.3618,0.0195
1.5806,1.3617,0.0193
1.5807,1.3616,0.0193
1.5805,1.3614,0.0193
1.5805,1.3612,0.0192
1.5805,1.3612,0.0192
1.5804,1.3611,0.0191
1.5805,1.3609,0.0192
1.5803,1.3609,0.0191
1.5803,1.3608,0.0191
1.5802,1.3608,0.0190
1.5803,1.3606,0.0190
1.5803,1.3605,0.0190
1.5802,1.3605,0.0189
1.5802,1.3604,0.0189
1.5800,1.3603,0.0188
1.5800,1.3603,0.0188
1.5800,1.3603,0.0188
1.5800,1.3603,0.0188
1.5799,1.3602,0.0187
1.5799,1.3602,0.0187
1.5799,1.3600,0.0187
1.5799,1.3600,0.0186
1.5799,1.3599,0.0186
1.5798,1.3597,0.0186
1.5798,1.3597,0.0186
1.5797,1.3597,0.0185
1.5797,1.3596,0.0185
1.5797,1.3596,0.0185
1.5797,1.3594,0.0185
1.5795,1.3590,0.0184
1.5795,1.3587,0.0183
1.5794,1.3585,0.0183
1.5793,1.3584,0.0181
1.5793,1.3583,0.0181
1.5793,1.3581,0.0181
1.5793,1.3581,0.0181
1.5791,1.3581,0.0180
1.5791,1.3580,0.0180
1.5791,1.3580,0.0180
1.5790,1.3578,0.0179
1.5791,1.3578,0.0180
1.5790,1.3577,0.0178
1.5790,1.3577,0.0178
1.5788,1.3575,0.0177
1.5788,1.3575,0.0177
1.5788,1.3575,0.0177
1.5787,1.3574,0.0177
1.5788,1.3572,0.0177
1.5788,1.3572,0.0177
1.5788,1.3570,0.0177
1.5788,1.3569,0.0176
1.5786,1.3569,0.0176
1.5786,1.3568,0.0175
1.5786,1.3568,0.0175
1.5786,1.3567,0.0175
1.5786,1.3566,0.0175
1.5786,1.3566,0.0174
1.5786,1.3566,0.0174
1.5786,1.3566,0.0174
1.5785,1.3566,0.0174
1.5785,1.3565,0.0174
1.5784,1.3563,0.0173
1.5784,1.3563,0.0173
1.5783,1.3561,0.0173
1.5784,1.3560,0.0173
1.5783,1.3559,0.0172
1.5783,1.3559,0.0172
1.5782,1.3557,0.0172
1.5782,1.3556,0.0172
1.5782,1.3556,0.0172
1.5781,1.3556,0.0171
1.5782,1.3554,0.0171
1.5781,1.3553,0.0171
1.5782,1.3552,0.0171
1.5780,1.3551,0.0170
1.5780,1.3551,0.0170
1.5780,1.3551,0.0170
1.5780,1.3551,0.0170
1.5780,1.3551,0.0170
1.5780,1.3551,0.0170
1.5780,1.3551,0.0170
1.5780,1.3551,0.0170
1.5779,1.3550,0.0169
1.5780,1.3548,0.0170
1.5780,1.3548,0.0170
1.5780,1.3548,0.0170
1.5780,1.3548,0.0170
1.5779,1.3547,0.0169
1.5780,1.3545,0.0169
1.5778,1.3544,0.0168
1.5778,1.3542,0.0168
1.5778,1.3540,0.0168
1.5778,1.3539,0.0167
1.5777,1.3537,0.0167
1.5777,1.3534,0.0167
1.5777,1.3532,0.0167
1.5775,1.3529,0.0166
1.5775,1.3526,0.0165
1.5773,1.3522,0.0164
1.5772,1.3517,0.0164
1.5772,1.3513,0.0163
1.5770,1.3507,0.0162
1.5769,1.3502,0.0161
1.5768,1.3496,0.0160
1.5766,1.3491,0.0158
1.5766,1.3486,0.0159
1.5764,1.3480,0.0156
1.5763,1.3474,0.0156
1.5761,1.3471,0.0155
1.5760,1.3467,0.0153
1.5759,1.3464,0.0153
1.5758,1.3460,0.0152
1.5757,1.3458,0.0150
1.5756,1.3456,0.0149
1.5756,1.3454,0.0148
1.5755,1.3456,0.0146
1.5754,1.3463,0.0139
1.5754,1.3474,0.0130
1.5754,1.3489,0.0115
1.5757,1.3504,0.0096
1.5759,1.3519,0.0072
1.5762,1.3533,0.0044
1.5766,1.3545,0.0010
1.5770,1.3557,-0.0028
1.5773,1.3561,-0.0067
1.5779,1.3567,-0.0107
1.5784,1.3576,-0.0151
1.5787,1.3587,-0.0196
1.5791,1.3591,-0.0241
1.5798,1.3593,-0.0283
1.5802,1.3594,-0.0325
1.5809,1.3593,-0.0362
1.5815,1.3589,-0.0399
1.5822,1.3584,-0.0431
1.5831,1.3577,-0.0459
1.5840,1.3569,-0.0483
1.5850,1.3560,-0.0501
1.5859,1.3551,-0.0516
1.5870,1.3542,-0.0525
1.5881,1.3530,-0.0530
1.5890,1.3518,-0.0531
1.5898,1.3506,-0.0529
1.5905,1.3503,-0.0524
1.5909,1.3503,-0.0520
1.5914,1.3502,-0.0515
1.5919,1.3502,-0.0511
1.5923,1.3502,-0.0506
1.5928,1.3503,-0.0502
1.5933,1.3503,-0.0497
1.5938,1.3502,-0.0492
1.5943,1.3503,-0.0488
1.5947,1.3502,-0.0484
1.5952,1.3503,-0.0479
1.5957,1.3502,-0.0474
1.5962,1.3503,-0.0468
1.5969,1.3502,-0.0463
1.5973,1.3502,-0.0459
1.5979,1.3502,-0.0454
1.5983,1.3501,-0.0449
1.5987,1.3500,-0.0446
1.5992,1.3500,-0.0441
1.5996,1.3500,-0.0437
1.6001,1.3501,-0.0433
1.6005,1.3501,-0.0429
1.6010,1.3501,-0.0424
1.6014,1.3500,-0.0420
1.6017,1.3501,-0.0416
1.6023,1.3500,-0.0412
1.6026,1.3500,-0.0408
1.6030,1.3499,-0.0404
1.6035,1.3497,-0.0400
1.6039,1.3497,-0.0396
1.6044,1.3497,-0.0391
1.6048,1.3497,-0.0387
1.6053,1.3497,-0.0384
1.6057,1.3496,-0.0380
1.6060,1.3497,-0.0376
1.6065,1.3498,-0.0372
1.6068,1.3496,-0.0369
1.6071,1.3497,-0.0365
1.6075,1.3496,-0.0362
1.6080,1.3495,-0.0357
1.6084,1.3494,-0.0354
1.6088,1.3495,-0.0350
1.6093,1.3493,-0.0345
1.6097,1.3493,-0.0342
1.6099,1.3493,-0.0339
1.6104,1.3493,-0.0334
1.6108,1.3493,-0.0332
1.6110,1.3493,-0.0328
1.6114,1.3492,-0.0325
1.6117,1.3493,-0.0322
1.6121,1.3492,-0.0319
1.6124,1.3491,-0.0315
1.6127,1.3491,-0.0312
1.6132,1.3491,-0.0307
1.6136,1.3490,-0.0305
1.6138,1.3491,-0.0301
1.6142,1.3490,-0.0298
1.6146,1.3489,-0.0294
1.6150,1.3488,-0.0291
1.6154,1.3487,-0.0288
1.6156,1.3488,-0.0285
1.6160,1.3487,-0.0281
1.6162,1.3487,-0.0279
1.6166,1.3486,-0.0275
1.6169,1.3486,-0.0273
1.6171,1.3487,-0.0270
1.6175,1.3486,-0.0267
1.6178,1.3486,-0.0264
1.6181,1.3485,-0.0261
1.6184,1.3485,-0.0258
1.6188,1.3484,-0.0255
1.6190,1.3484,-0.0252
1.6194,1.3483,-0.0249
1.6197,1.3483,-0.0246
1.6200,1.3482,-0.0243
1.6204,1.3482,-0.0238
1.6210,1.3471,-0.0232
1.6226,1.3457,-0.0208
1.6243,1.3441,-0.0173
1.6256,1.3429,-0.0130
1.6264,1.3415,-0.0087
1.6258,1.3403,-0.0050
1.6248,1.3396,-0.0018
1.6236,1.3389,0.0010
1.6223,1.3384,0.0035
1.6211,1.3384,0.0061
1.6203,1.3383,0.0085
1.6198,1.3383,0.0111
1.6196,1.3383,0.0139
1.6196,1.3382,0.0169
1.6198,1.3384,0.0200
1.6198,1.3387,0.0230
1.6197,1.3397,0.0256
1.6198,1.3407,0.0277
1.6199,1.3419,0.0295
1.6203,1.3431,0.0310
1.6208,1.3440,0.0324
1.6210,1.3448,0.0332
1.6211,1.3453,0.0337
1.6205,1.3457,0.0335
1.6199,1.3458,0.0333
1.6196,1.3458,0.0334
1.6194,1.3457,0.0335
1.6194,1.3455,0.0341
1.6195,1.3452,0.0348
1.6195,1.3448,0.0357
1.6194,1.3445,0.0368
1.6189,1.3442,0.0377
1.6183,1.3439,0.0386
1.6175,1.3436,0.0396
1.6167,1.3433,0.0406
1.6158,1.3426,0.0417
1.6148,1.3419,0.0432
1.6136,1.3411,0.0446
1.6124,1.3404,0.0462
1.6113,1.3397,0.0480
1.6105,1.3388,0.0501
1.6094,1.3378,0.0521
1.6078,1.3373,0.0541
1.6060,1.3364,0.0559
1.6040,1.3357,0.0576
1.6024,1.3359,0.0596
1.6012,1.3363,0.0615
1.6002,1.3370,0.0629
1.5997,1.3375,0.0643
1.5995,1.3372,0.0655
1.5997,1.3363,0.0668
1.5996,1.3358,0.0676
1.5992,1.3364,0.0678
1.5991,1.3373,0.0676
1.5985,1.3378,0.0671
1.5982,1.3378,0.0667
1.5977,1.3378,0.0662
1.5972,1.3379,0.0658
1.5969,1.3380,0.0654
1.5964,1.3380,0.0650
1.5958,1.3382,0.0644
1.5956,1.3382,0.0641
1.5951,1.3383,0.0636
1.5946,1.3384,0.0631
1.5942,1.3385,0.0627
1.5938,1.3385,0.0623
1.5935,1.3386,0.0619
1.5930,1.3387,0.0615
1.5927,1.3388,0.0611
1.5922,1.3388,0.0607
1.5919,1.3389,0.0603
1.5915,1.3389,0.0600
1.5911,1.3390,0.0596
1.5907,1.3391,0.0591
1.5903,1.3392,0.0587
1.5898,1.3392,0.0583
1.5896,1.3392,0.0580
1.5891,1.3393,0.0576
1.5888,1.3394,0.0572
1.5884,1.3395,0.0569
1.5880,1.3396,0.0564
1.5877,1.3396,0.0561
1.5874,1.3397,0.0558
1.5870,1.3397,0.0555
1.5867,1.3398,0.0550
1.5862,1.3398,0.0546
1.5859,1.3398,0.0544
1.5856,1.3399,0.0540
1.5852,1.3399,0.0537
1.5849,1.3400,0.0533
1.5846,1.3400,0.0530
1.5843,1.3401,0.0526
1.5839,1.3400,0.0523
1.5836,1.3401,0.0520
1.5833,1.3401,0.0517
1.5831,1.3401,0.0514
1.5826,1.3402,0.0511
1.5824,1.3402,0.0508
1.5820,1.3403,0.0504
1.5818,1.3403,0.0501
1.5813,1.3404,0.0497
1.5811,1.3403,0.0494
1.5807,1.3405,0.0491
1.5805,1.3405,0.0489
1.5802,1.3405,0.0486
1.5799,1.3406,0.0482
1.5797,1.3406,0.0480
1.5794,1.3406,0.0478
1.5789,1.3406,0.0473
1.5787,1.3407,0.0471
1.5784,1.3407,0.0469
1.5781,1.3407,0.0465
1.5779,1.3407,0.0462
1.5776,1.3408,0.0460
1.5773,1.3409,0.0457
1.5770,1.3408,0.0454
1.5768,1.3409,0.0451
1.5766,1.3409,0.0449
1.5763,1.3409,0.0447
1.5760,1.3410,0.0443
1.5757,1.3410,0.0440
1.5755,1.3410,0.0438
1.5753,1.3410,0.0436
1.5750,1.3410,0.0434
1.5748,1.3410,0.0431
1.5744,1.3411,0.0427
1.5742,1.3411,0.0425
1.5739,1.3411,0.0423
1.5737,1.3411,0.0420
1.5735,1.3412,0.0418
1.5732,1.3412,0.0415
1.5730,1.3412,0.0413
1.5726,1.3413,0.0410
1.5724,1.3413,0.0408
1.5723,1.3413,0.0406
1.5721,1.3414,0.0404
1.5718,1.3414,0.0401
1.5716,1.3414,0.0399
1.5713,1.3414,0.0397
1.5711,1.3413,0.0394
1.5708,1.3414,0.0392
1.5706,1.3414,0.0389
1.5704,1.3413,0.0387
1.5703,1.3414,0.0385
1.5700,1.3414,0.0383
1.5698,1.3414,0.0381
1.5695,1.3415,0.0378
1.5693,1.3414,0.0376
1.5691,1.3414,0.0375
1.5689,1.3414,0.0372
1.5687,1.3414,0.0370
1.5684,1.3414,0.0368
1.5683,1.3414,0.0366
1.5681,1.3415,0.0364
1.5678,1.3414,0.0362
1.5677,1.3414,0.0360
1.5676,1.3414,0.0358
1.5673,1.3414,0.0357
1.5671,1.3415,0.0354
1.5669,1.3414,0.0351
1.5666,1.3414,0.0350
1.5665,1.3415,0.0348
1.5663,1.3415,0.0346
1.5662,1.3416,0.0344
1.5659,1.3416,0.0343
1.5658,1.3416,0.0341
1.5657,1.3416,0.0339
1.5654,1.3416,0.0337
1.5652,1.3416,0.0335
1.5651,1.3415,0.0334
1.5650,1.3416,0.0332
1.5647,1.3416,0.0330
1.5645,1.3416,0.0328
1.5644,1.3416,0.0326
1.5642,1.3415,0.0325
1.5640,1.3416,0.0323
1.5639,1.3417,0.0321
1.5636,1.3416,0.0320
1.5636,1.3417,0.0319
1.5634,1.3416,0.0317
1.5632,1.3417,0.0315
1.5632,1.3416,0.0314
1.5629,1.3417,0.0312
1.5627,1.3417,0.0310
1.5627,1.3416,0.0309
1.5624,1.3416,0.0307
1.5622,1.3416,0.0306
1.5621,1.3417,0.0304
1.5619,1.3416,0.0303
1.5618,1.3417,0.0301
1.5616,1.3417,0.0299
1.5616,1.3417,0.0298
1.5614,1.3416,0.0296
1.5614,1.3417,0.0296
1.5611,1.3416,0.0294
1.5610,1.3418,0.0293
1.5609,1.3416,0.0292
1.5608,1.3417,0.0290
1.5606,1.3416,0.0289
1.5604,1.3417,0.0287
1.5604,1.3416,0.0286
1.5601,1.3416,0.0285
1.5601,1.3416,0.0284
1.5599,1.3416,0.0282
1.5599,1.3416,0.0281
1.5596,1.3416,0.0279
1.5595,1.3417,0.0278
1.5594,1.3416,0.0277
1.5593,1.3416,0.0275
1.5592,1.3416,0.0275
1.5589,1.3415,0.0273
1.5589,1.3415,0.0272
1.5588,1.3416,0.0271
1.5586,1.3416,0.0268
1.5586,1.3416,0.0268
1.5583,1.3416,0.0266
1.5583,1.3416,0.0266
1.5581,1.3416,0.0264
1.5581,1.3416,0.0264
1.5578,1.3416,0.0262
1.5578,1.3416,0.0261
1.5577,1.3416,0.0260
1.5575,1.3417,0.0258
1.5575,1.3416,0.0257
1.5573,1.3417,0.0256
1.5573,1.3416,0.0255
1.5573,1.3416,0.0255
1.5570,1.3416,0.0253
1.5570,1.3416,0.0253
1.5568,1.3416,0.0251
1.5568,1.3417,0.0250
1.5565,1.3416,0.0248
1.5565,1.3416,0.0248
1.5565,1.3417,0.0248
1.5563,1.3416,0.0246
1.5563,1.3416,0.0246
1.5562,1.3417,0.0244
1.5560,1.3416,0.0244
1.5559,1.3417,0.0242
1.5559,1.3417,0.0242
1.5557,1.3417,0.0240
1.5557,1.3417,0.0239
1.5556,1.3417,0.0238
1.5554,1.3416,0.0237
1.5554,1.3417,0.0237
1.5553,1.3418,0.0236
1.5553,1.3417,0.0235
1.5552,1.3416,0.0235
1.5551,1.3418,0.0234
1.5551,1.3417,0.0233
1.5549,1.3417,0.0232
1.5549,1.3418,0.0231
1.5549,1.3417,0.0231
1.5546,1.3417,0.0229
1.5546,1.3417,0.0228
1.5545,1.3418,0.0227
1.5545,1.3418,0.0227
1.5544,1.3418,0.0226
1.5543,1.3418,0.0225
1.5543,1.3418,0.0225
1.5540,1.3418,0.0223
1.5540,1.3418,0.0223
1.5540,1.3418,0.0223
1.5539,1.3418,0.0221
1.5538,1.3418,0.0220
1.5537,1.3418,0.0219
1.5537,1.3418,0.0219
1.5535,1.3418,0.0218
1.5534,1.3418,0.0217
1.5534,1.3418,0.0216
1.5534,1.3418,0.0216
1.5532,1.3418,0.0215
1.5532,1.3418,0.0215
1.5532,1.3418,0.0215
1.5531,1.3419,0.0214
1.5531,1.3419,0.0213
1.5531,1.3419,0.0213
1.5530,1.3418,0.0212
1.5529,1.3418,0.0211
1.5529,1.3419,0.0210
1.5529,1.3419,0.0210
1.5526,1.3418,0.0208
1.5526,1.3418,0.0208
1.5525,1.3420,0.0207
1.5525,1.3420,0.0207
1.5525,1.3419,0.0207
1.5524,1.3420,0.0205
1.5523,1.3420,0.0205
1.5523,1.3419,0.0204
1.5523,1.3419,0.0204
1.5521,1.3419,0.0204
